realization_month,qc_picks_raw,qc_picks_current,qc_n,local_picks,local_n,pick_intersection_n,pick_union_n,pick_jaccard,exact_pick_match
2011-03,"DAN,EMN,PENN,PSMT,RUSHA,SM","DAN,EMN,PENN,PSMT,RUSHA,SM",6,"DAN,EMN,PSMT,RUSHA,SAFE,SM",6,5,7,0.7142857142857143,False
2011-04,"BRKS,DAN,EMN,HLIT,PLUS,SM","AZTA,DAN,EMN,HLIT,PLUS,SM",6,"AZTA,DAN,HLIT,PLUS,SAFE,SM",6,5,7,0.7142857142857143,False
2011-05,"BRKS,EMN,PLUS,PSMT,RCII,SM","AZTA,EMN,PLUS,PSMT,SM,UPBD",6,"AZTA,EMN,PLUS,PSMT,SM,UPBD",6,6,6,1.0,True
2011-06,"ACAD,DAN,EMN,PLUS,PSMT,SM","ACAD,DAN,EMN,PLUS,PSMT,SM",6,"ACAD,DAN,EMN,PSMT,SAFE,SM",6,5,7,0.7142857142857143,False
2011-07,"ACAD,DAN,EMN,PENN,PSMT,SM","ACAD,DAN,EMN,PENN,PSMT,SM",6,"DAN,EMN,PENN,PSMT,SAFE,SM",6,5,7,0.7142857142857143,False
2011-08,"EMN,KLIC,KMT,NPO,PSMT,SM","EMN,KLIC,KMT,NPO,PSMT,SM",6,"EMN,KLIC,NPO,PSMT,SAFE,SM",6,5,7,0.7142857142857143,False
2011-09,"ACAD,AGYS,KLIC,NPO,PSMT,SM","ACAD,AGYS,KLIC,NPO,PSMT,SM",6,"ACAD,AGYS,KLIC,PSMT,SAFE,SM",6,5,7,0.7142857142857143,False
2011-10,"ACAD,BRKS,KLIC,NSSC,PSMT,SM","ACAD,AZTA,KLIC,NSSC,PSMT,SM",6,"ACAD,AZTA,NSSC,PSMT,SAFE,SM",6,5,7,0.7142857142857143,False
2011-11,"ACAD,CRI,NSSC,PSMT,QDEL,SM","ACAD,CRI,NSSC,PSMT,QDEL,SM",6,"ACAD,CRI,NSSC,PSMT,QDEL,SM",6,6,6,1.0,True
2011-12,"ACAD,AGX,AGYS,NSSC,PSMT,SM","ACAD,AGX,AGYS,NSSC,PSMT,SM",6,"ACAD,AGX,AGYS,NSSC,PSMT,SM",6,6,6,1.0,True
2012-01,"AGX,AGYS,CRI,KLIC,PSMT,SM","AGX,AGYS,CRI,KLIC,PSMT,SM",6,"AGX,AGYS,CRI,KLIC,PSMT,SM",6,6,6,1.0,True
2012-02,"AGX,AGYS,CRI,LKFN,NSSC,PSMT","AGX,AGYS,CRI,LKFN,NSSC,PSMT",6,"AGX,AGYS,CRI,LKFN,NSSC,PSMT",6,6,6,1.0,True
2012-03,"AGX,AGYS,CRI,NSSC,PSMT,SXT","AGX,AGYS,CRI,NSSC,PSMT,SXT",6,"AGX,AGYS,CRI,NSSC,PSMT,SXT",6,6,6,1.0,True
2012-04,"AGX,AGYS,CRI,KLIC,PSMT,QDEL","AGX,AGYS,CRI,KLIC,PSMT,QDEL",6,"AGX,AGYS,CRI,KLIC,PSMT,QDEL",6,6,6,1.0,True
2012-05,"AGX,AGYS,CRI,NSSC,PSMT,QDEL","AGX,AGYS,CRI,NSSC,PSMT,QDEL",6,"AGX,AGYS,CRI,NSSC,PSMT,QDEL",6,6,6,1.0,True
2012-06,"AGX,CRI,FMC,NSSC,PMT,PSMT","AGX,CRI,FMC,NSSC,PMT,PSMT",6,"AGX,CRI,FMC,NSSC,PMT,PSMT",6,6,6,1.0,True
2012-07,"AGX,CRI,GET,PMT,PSMT,UVV","AGX,CRI,PMT,PSMT,RHP,UVV",6,"AGX,CRI,PMT,PSMT,RHP,UVV",6,6,6,1.0,True
2012-08,"CRI,GET,MHK,PMT,RCII,UVV","CRI,MHK,PMT,RHP,UPBD,UVV",6,"AGX,CRI,MHK,PMT,RHP,UVV",6,5,7,0.7142857142857143,False
2012-09,"AGX,CRI,FMC,GET,HMN,SHO","AGX,CRI,FMC,HMN,RHP,SHO",6,"AGX,CRI,FMC,HMN,RHP,SHO",6,6,6,1.0,True
2012-10,"ACAD,AGX,CRI,GET,MHK,SHO","ACAD,AGX,CRI,MHK,RHP,SHO",6,"ACAD,AGX,CRI,MHK,RHP,SHO",6,6,6,1.0,True
2012-11,"ACAD,GET,MHK,NSSC,PMT,SHO","ACAD,MHK,NSSC,PMT,RHP,SHO",6,"ACAD,MHK,NSSC,PMT,RHP,SHO",6,6,6,1.0,True
2012-12,"ACAD,EMN,GET,HMN,MHK,PMT","ACAD,EMN,HMN,MHK,PMT,RHP",6,"ACAD,EMN,HMN,MHK,PMT,RHP",6,6,6,1.0,True
2013-01,"ACAD,BMI,EMN,GET,JOE,PMT","ACAD,BMI,EMN,JOE,PMT,RHP",6,"ACAD,DXC,EMN,PMT,RHP,TGTX",6,4,8,0.5,False
2013-02,"ACAD,BMI,GET,PLUS,PMT,SHEN","ACAD,BMI,PLUS,PMT,RHP,SHEN",6,"ACAD,DXC,PLUS,PMT,RHP,SHEN",6,5,7,0.7142857142857143,False
2013-03,"ACAD,BMI,GET,MHK,PMT,QDEL","ACAD,BMI,MHK,PMT,QDEL,RHP",6,"ACAD,BMI,MHK,PMT,QDEL,RHP",6,6,6,1.0,True
2013-04,"ACAD,BMI,GET,MHK,PLUS,PMT","ACAD,BMI,MHK,PLUS,PMT,RHP",6,"ACAD,BMI,DXC,MHK,PMT,RHP",6,5,7,0.7142857142857143,False
2013-05,"ACAD,AWR,FBP,GET,MHK,PLUS","ACAD,AWR,FBP,MHK,PLUS,RHP",6,"ACAD,AWR,DXC,MHK,PLUS,RHP",6,5,7,0.7142857142857143,False
2013-06,"ACAD,AGYS,FBP,GET,MHK,SHEN","ACAD,AGYS,FBP,MHK,RHP,SHEN",6,"ACAD,DXC,FBP,MHK,SAFE,SHEN",6,4,8,0.5,False
2013-07,"ACAD,MAN,MHK,PLUS,RUSHA,VSAT","ACAD,MAN,MHK,PLUS,RUSHA,VSAT",6,"ACAD,DXC,MHK,RUSHA,SAFE,VSAT",6,4,8,0.5,False
2013-08,"ACAD,FBP,PLUS,RUSHA,UCBI,VSAT","ACAD,FBP,PLUS,RUSHA,UCB,VSAT",6,"ACAD,DXC,FBP,PLUS,UCB,VSAT",6,5,7,0.7142857142857143,False
2013-09,"ACAD,FBP,MAN,MHK,PLUS,UCBI","ACAD,FBP,MAN,MHK,PLUS,UCB",6,"ACAD,FBP,MAN,MHK,PLUS,TGTX",6,5,7,0.7142857142857143,False
2013-10,"ACAD,DAN,MAN,NPO,UCBI,VSAT","ACAD,DAN,MAN,NPO,UCB,VSAT",6,"ACAD,DAN,MAN,TGTX,UCB,VSAT",6,5,7,0.7142857142857143,False
2013-11,"ACAD,DAN,HLIT,MAN,SHEN,UCBI","ACAD,DAN,HLIT,MAN,SHEN,UCB",6,"ACAD,HLIT,MAN,SHEN,TGTX,UCB",6,5,7,0.7142857142857143,False
2013-12,"ACAD,CECO,MAN,PBI,SHEN,UCBI","ACAD,MAN,PBI,PRDO,SHEN,UCB",6,"ACAD,MAN,PBI,PRDO,SHEN,UCB",6,6,6,1.0,True
2014-01,"ACAD,MAN,NSSC,PBI,SM,UCBI","ACAD,MAN,NSSC,PBI,SM,UCB",6,"ACAD,MAN,NSSC,PBI,SM,UCB",6,6,6,1.0,True
2014-02,"ACAD,CECO,MAN,NSSC,PBI,UCBI","ACAD,MAN,NSSC,PBI,PRDO,UCB",6,"ACAD,MAN,NSSC,PBI,PRDO,UCB",6,6,6,1.0,True
2014-03,"ACAD,AGX,CECO,NSSC,PBI,SHEN","ACAD,AGX,NSSC,PBI,PRDO,SHEN",6,"ACAD,AGX,NSSC,PBI,PRDO,SHEN",6,6,6,1.0,True
2014-04,"ACAD,AGX,CECO,NSSC,PBI,SHEN","ACAD,AGX,NSSC,PBI,PRDO,SHEN",6,"ACAD,AGX,NSSC,PBI,PRDO,SHEN",6,6,6,1.0,True
2014-05,"ACAD,AGX,CECO,PBI,SHEN,UCBI","ACAD,AGX,PBI,PRDO,SHEN,UCB",6,"ACAD,AGX,PBI,PRDO,SHEN,UCB",6,6,6,1.0,True
2014-06,"AGX,CECO,MAN,NPO,PBI,SHEN","AGX,MAN,NPO,PBI,PRDO,SHEN",6,"AGX,MAN,NPO,PBI,PRDO,SHEN",6,6,6,1.0,True
2014-07,"AGX,CECO,MAN,MTX,PBI,SHEN","AGX,MAN,MTX,PBI,PRDO,SHEN",6,"AGX,MAN,MTX,PBI,PRDO,SHEN",6,6,6,1.0,True
2014-08,"AGX,CECO,MTX,PBI,SHEN,TGTX","AGX,MTX,PBI,PRDO,SHEN,TGTX",6,"AGX,MTX,PBI,PRDO,SHEN,TGTX",6,6,6,1.0,True
2014-09,"AGX,CECO,NYMT,PBI,RHP,SHEN","ADAM,AGX,PBI,PRDO,RHP,SHEN",6,"ADAM,AGX,PBI,PRDO,RHP,SHEN",6,6,6,1.0,True
2014-10,"AGX,CECO,PBI,RHP,STRA,TGTX","AGX,PBI,PRDO,RHP,STRA,TGTX",6,"AGX,PBI,PRDO,RHP,STRA,TGTX",6,6,6,1.0,True
2014-11,"AGX,IRDM,NYMT,RHP,STRA,TGTX","ADAM,AGX,IRDM,RHP,STRA,TGTX",6,"ADAM,AGX,IRDM,RHP,STRA,TGTX",6,6,6,1.0,True
2014-12,"AGX,BFAM,IRDM,NYMT,STRA,TGTX","ADAM,AGX,BFAM,IRDM,STRA,TGTX",6,"ADAM,AGX,BFAM,IRDM,STRA,TGTX",6,6,6,1.0,True
2015-01,"AWR,IRDM,NYMT,RHP,STRA,TGTX","ADAM,AWR,IRDM,RHP,STRA,TGTX",6,"ADAM,AWR,IRDM,RHP,STRA,TGTX",6,6,6,1.0,True
2015-02,"CENTA,IRDM,PLUS,RCII,STRA,TGTX","CENTA,IRDM,PLUS,STRA,TGTX,UPBD",6,"CENTA,IRDM,PLUS,STRA,TGTX,UPBD",6,6,6,1.0,True
2015-03,"AWR,KLIC,RCII,RHP,STRA,TGTX","AWR,KLIC,RHP,STRA,TGTX,UPBD",6,"AWR,KLIC,RHP,STRA,TGTX,UPBD",6,6,6,1.0,True
2015-04,"ACAD,GFF,PENN,PLUS,RHP,TGTX","ACAD,GFF,PENN,PLUS,RHP,TGTX",6,"ACAD,EPC,GFF,PLUS,RHP,TGTX",6,5,7,0.7142857142857143,False
2015-05,"ACAD,GFF,KSS,PLUS,RHP,TGTX","ACAD,GFF,KSS,PLUS,RHP,TGTX",6,"ACAD,GFF,KSS,PLUS,RHP,TGTX",6,6,6,1.0,True
2015-06,"ACAD,CRI,GFF,PENN,PLUS,TGTX","ACAD,CRI,GFF,PENN,PLUS,TGTX",6,"ACAD,CRI,GFF,PENN,PLUS,TGTX",6,6,6,1.0,True
2015-07,"ACAD,CRI,MHK,PENN,PLUS,TGTX","ACAD,CRI,MHK,PENN,PLUS,TGTX",6,"ACAD,CRI,MHK,PENN,PLUS,TGTX",6,6,6,1.0,True
2015-08,"ACAD,CRI,GFF,MHK,PENN,TGTX","ACAD,CRI,GFF,MHK,PENN,TGTX",6,"ACAD,CRI,GFF,MHK,PENN,TGTX",6,6,6,1.0,True
2015-09,"ACAD,BFAM,GFF,MHK,PENN,TGTX","ACAD,BFAM,GFF,MHK,PENN,TGTX",6,"ACAD,BFAM,GFF,MHK,PENN,TGTX",6,6,6,1.0,True
2015-10,"ACAD,BFAM,CENTA,MHK,PENN,SHEN","ACAD,BFAM,CENTA,MHK,PENN,SHEN",6,"ACAD,BFAM,CENTA,MHK,PENN,SHEN",6,6,6,1.0,True
2015-11,"BFAM,CENTA,NSSC,PENN,PLUS,SHEN","BFAM,CENTA,NSSC,PENN,PLUS,SHEN",6,"BFAM,CENTA,NSSC,PENN,PLUS,SHEN",6,6,6,1.0,True
2015-12,"BFAM,CENTA,GFF,NSSC,SHEN,UVV","BFAM,CENTA,GFF,NSSC,SHEN,UVV",6,"BFAM,CENTA,GFF,MAN,NSSC,SHEN,UVV",7,6,7,0.8571428571428571,False
2016-01,"BFAM,CENTA,GFF,MAN,SHEN,UVV","BFAM,CENTA,GFF,MAN,SHEN,UVV",6,"BFAM,CENTA,GFF,MAN,PLUS,SHEN,UVV",7,6,7,0.8571428571428571,False
2016-02,"BFAM,CENTA,MSEX,PLUS,SHEN,UVV","BFAM,CENTA,MSEX,PLUS,SHEN,UVV",6,"BFAM,CENTA,DXC,MSEX,PLUS,SHEN,UVV",7,6,7,0.8571428571428571,False
2016-03,"BFAM,CENTA,MSEX,SHEN,UVV,WDFC","BFAM,CENTA,MSEX,SHEN,UVV,WDFC",6,"AWR,BFAM,CENTA,MSEX,SHEN,UVV,WDFC",7,6,7,0.8571428571428571,False
2016-04,"AOSL,BFAM,CENTA,MSEX,SHEN,WDFC","AOSL,BFAM,CENTA,MSEX,SHEN,WDFC",6,"AOSL,BFAM,CENTA,MSEX,SHEN,VSAT,WDFC",7,6,7,0.8571428571428571,False
2016-05,"AOSL,CENTA,MSEX,SHEN,UVV,WDFC","AOSL,CENTA,MSEX,SHEN,UVV,WDFC",6,"AOSL,CENTA,DXC,MSEX,SHEN,UVV,WDFC",7,6,7,0.8571428571428571,False
2016-06,"AOSL,CECO,CENTA,MSEX,SHEN,WDFC","AOSL,CENTA,MSEX,PRDO,SHEN,WDFC",6,"AGYS,AOSL,CENTA,MSEX,PRDO,SHEN,WDFC",7,6,7,0.8571428571428571,False
2016-07,"ALRM,AOSL,CECO,CENTA,MSEX,SHEN,WDFC","ALRM,AOSL,CENTA,MSEX,PRDO,SHEN,WDFC",7,"AOSL,CENTA,DXC,MSEX,PRDO,SHEN,WDFC",7,6,8,0.75,False
2016-08,"ALRM,AOSL,CECO,CENTA,MSEX,SHEN,WDFC","ALRM,AOSL,CENTA,MSEX,PRDO,SHEN,WDFC",7,"ALRM,AOSL,CENTA,DXC,MSEX,PRDO,SHEN",7,6,8,0.75,False
2016-09,"ALRM,AOSL,CECO,CENTA,MSEX,SHEN,WDFC","ALRM,AOSL,CENTA,MSEX,PRDO,SHEN,WDFC",7,"ALRM,AOSL,CENTA,DXC,MSEX,PRDO,SHEN",7,6,8,0.75,False
2016-10,"ALRM,AOSL,CC,CECO,CENTA,MSEX,MTX","ALRM,AOSL,CC,CENTA,MSEX,MTX,PRDO",7,"ALRM,AOSL,CC,CENTA,DXC,MTX,PRDO",7,6,8,0.75,False
2016-11,"AGX,ALRM,AOSL,CC,CECO,CENTA,MSEX","AGX,ALRM,AOSL,CC,CENTA,MSEX,PRDO",7,"AGX,ALRM,AOSL,CC,CENTA,DXC,PRDO",7,6,8,0.75,False
2016-12,"AGX,ALRM,AOSL,CC,CECO,CENTA,FBP","AGX,ALRM,AOSL,CC,CENTA,FBP,PRDO",7,"AGX,ALRM,AOSL,CC,CENTA,DXC,PRDO",7,6,8,0.75,False
2017-01,"AGX,AOSL,CC,CECO,CENTA,FBP,SM","AGX,AOSL,CC,CENTA,FBP,PRDO,SM",7,"AGX,AOSL,CC,CENTA,DXC,PRDO,SM",7,6,8,0.75,False
2017-02,"AGX,AOSL,CC,CECO,CENTA,FBP,SM","AGX,AOSL,CC,CENTA,FBP,PRDO,SM",7,"AGX,AOSL,CC,CENTA,FBP,PRDO,SM",7,7,7,1.0,True
2017-03,"AGX,CC,CECO,CENTA,FBP,NYMT,SM","ADAM,AGX,CC,CENTA,FBP,PRDO,SM",7,"AGX,CC,CENTA,DXC,FBP,PRDO,SM",7,6,8,0.75,False
2017-04,"AGX,BRKS,CC,CECO,CENTA,FBP,RUSHA","AGX,AZTA,CC,CENTA,FBP,PRDO,RUSHA",7,"AGX,AZTA,CC,CENTA,DXC,FBP,RUSHA",7,6,8,0.75,False
2017-05,"AGX,BRKS,CC,CENTA,HLIT,KLIC,NSSC","AGX,AZTA,CC,CENTA,HLIT,KLIC,NSSC",7,"AGX,AZTA,CC,CENTA,DXC,KLIC,NSSC",7,6,8,0.75,False
2017-06,"AGX,BRKS,CC,CENTA,HLIT,NGVT,STRA","AGX,AZTA,CC,CENTA,HLIT,NGVT,STRA",7,"AGX,AZTA,CC,CENTA,HLIT,NGVT,STRA",7,7,7,1.0,True
2017-07,"BRKS,CC,DAN,KLIC,KMT,PLUS,TGTX","AZTA,CC,DAN,KLIC,KMT,PLUS,TGTX",7,"AZTA,CC,DAN,KLIC,KMT,PLUS,TGTX",7,7,7,1.0,True
2017-08,"BRKS,CC,DAN,FRPT,PLUS,STRA,TGTX","AZTA,CC,DAN,FRPT,PLUS,STRA,TGTX",7,"AZTA,CC,DAN,FRPT,PLUS,STRA,TGTX",7,7,7,1.0,True
2017-09,"BRKS,CC,DAN,FMC,PLUS,RUSHA,STRA","AZTA,CC,DAN,FMC,PLUS,RUSHA,STRA",7,"AZTA,CC,DAN,DXC,FMC,PLUS,RUSHA,STRA",8,7,8,0.875,False
2017-10,"BRKS,CC,FMC,FRPT,PENN,PLUS,STRA","AZTA,CC,FMC,FRPT,PENN,PLUS,STRA",7,"AZTA,CC,FMC,FRPT,PLUS,RUSHA,STRA,TGTX",8,6,9,0.6666666666666666,False
2017-11,"BRKS,CC,DAN,FMC,PLUS,QDEL,TGTX","AZTA,CC,DAN,FMC,PLUS,QDEL,TGTX",7,"AZTA,CC,DAN,FMC,FRPT,PLUS,QDEL,TGTX",8,7,8,0.875,False
2017-12,"BRKS,CC,DAN,FRPT,PENN,PLUS,QDEL","AZTA,CC,DAN,FRPT,PENN,PLUS,QDEL",7,"AZTA,CC,DAN,FMC,FRPT,PENN,PLUS,QDEL",8,7,8,0.875,False
2018-01,"CC,DAN,FMC,FRPT,PENN,QDEL,TGTX","CC,DAN,FMC,FRPT,PENN,QDEL,TGTX",7,"CC,DAN,DXC,FMC,FRPT,PENN,QDEL,TGTX",8,7,8,0.875,False
2018-02,"CC,FMC,FRPT,IIPR,PENN,QDEL,TGTX","CC,FMC,FRPT,IIPR,PENN,QDEL,TGTX",7,"CC,DAN,FMC,FRPT,IIPR,PENN,QDEL,TGTX",8,7,8,0.875,False
2018-03,"COLL,DAN,FRPT,IIPR,PENN,QDEL,TGTX","COLL,DAN,FRPT,IIPR,PENN,QDEL,TGTX",7,"COLL,DAN,FRPT,IIPR,KSS,PENN,QDEL,TGTX",8,7,8,0.875,False
2018-04,"BL,COLL,FRPT,IIPR,KSS,PENN,QDEL","BL,COLL,FRPT,IIPR,KSS,PENN,QDEL",7,"BL,COLL,FRPT,IIPR,KSS,PENN,PRDO,QDEL",8,7,8,0.875,False
2018-05,"BTU,COLL,EAGL,FRPT,IIPR,KSS,PENN,QDEL","BTU,COLL,FRPT,IIPR,KSS,PENN,QDEL,WSC",8,"BTU,COLL,FRPT,IIPR,KSS,PENN,QDEL,WSC",8,8,8,1.0,True
2018-06,"BTU,COLL,FBP,IIPR,KSS,PENN,QDEL,SM","BTU,COLL,FBP,IIPR,KSS,PENN,QDEL,SM",8,"BTU,COLL,IIPR,INDV,KSS,PENN,QDEL,SM",8,7,9,0.7777777777777778,False
2018-07,"BRKS,BTU,CECO,COLL,IIPR,KSS,PENN,QDEL","AZTA,BTU,COLL,IIPR,KSS,PENN,PRDO,QDEL",8,"BTU,COLL,IIPR,INDV,KSS,PENN,PRDO,QDEL",8,7,9,0.7777777777777778,False
2018-08,"CECO,COLL,FRPT,IIPR,IRDM,KSS,NSSC,QDEL","COLL,FRPT,IIPR,IRDM,KSS,NSSC,PRDO,QDEL",8,"COLL,FRPT,IIPR,IRDM,KSS,NSSC,PRDO,QDEL",8,8,8,1.0,True
2018-09,"CECO,COLL,FRPT,IIPR,KSS,NSSC,QDEL,SM","COLL,FRPT,IIPR,KSS,NSSC,PRDO,QDEL,SM",8,"COLL,FRPT,IIPR,KSS,NSSC,PRDO,QDEL,SM",8,8,8,1.0,True
2018-10,"EAGL,FRPT,HLIT,IIPR,IRDM,KSS,QDEL,SM","FRPT,HLIT,IIPR,IRDM,KSS,QDEL,SM,WSC",8,"FRPT,HLIT,IIPR,IRDM,KSS,QDEL,SM,WSC",8,8,8,1.0,True
2018-11,"COLL,EAGL,FBP,FRPT,IIPR,IRDM,KSS,UA","COLL,FBP,FRPT,IIPR,IRDM,KSS,UA,WSC",8,"COLL,FBP,FRPT,IIPR,IRDM,KSS,UA,WSC",8,8,8,1.0,True
2018-12,"CARG,FBP,FRPT,IIPR,IRDM,KSS,QDEL,UA","CARG,FBP,FRPT,IIPR,IRDM,KSS,QDEL,UA",8,"CARG,FBP,FRPT,IIPR,IRDM,KSS,QDEL,UA",8,8,8,1.0,True
2019-01,"FBP,FRPT,IIPR,IRDM,NSSC,STRA,UA,WDFC","FBP,FRPT,IIPR,IRDM,NSSC,STRA,UA,WDFC",8,"FBP,FRPT,IIPR,IRDM,NSSC,STRA,UA,WDFC",8,8,8,1.0,True
2019-02,"FBP,FRPT,IIPR,IRDM,MSEX,NSSC,RCII,WDFC","FBP,FRPT,IIPR,IRDM,MSEX,NSSC,UPBD,WDFC",8,"FBP,FRPT,IIPR,IRDM,MSEX,NSSC,UPBD,WDFC",8,8,8,1.0,True
2019-03,"AGYS,ALRM,FBP,FRPT,HLIT,IIPR,IRDM,RCII","AGYS,ALRM,FBP,FRPT,HLIT,IIPR,IRDM,UPBD",8,"AGYS,ALRM,FBP,FRPT,HLIT,IIPR,IRDM,UPBD",8,8,8,1.0,True
2019-04,"AGYS,FBP,FRPT,IIPR,IRDM,MSEX,NSSC,RCII","AGYS,FBP,FRPT,IIPR,IRDM,MSEX,NSSC,UPBD",8,"AGYS,CLSK,FBP,FRPT,IIPR,IRDM,MSEX,NSSC,UPBD",9,8,9,0.8888888888888888,False
2019-05,"ACAD,AGYS,FRPT,GSHD,IIPR,IRDM,NSSC,RCII","ACAD,AGYS,FRPT,GSHD,IIPR,IRDM,NSSC,UPBD",8,"ACAD,AGYS,CLSK,FRPT,GSHD,IIPR,IRDM,NSSC,UPBD",9,8,9,0.8888888888888888,False
2019-06,"ALRM,FRPT,GSHD,IIPR,IRDM,NSSC,RCII,STRA","ALRM,FRPT,GSHD,IIPR,IRDM,NSSC,STRA,UPBD",8,"ALRM,FBP,FRPT,GSHD,IIPR,IRDM,NSSC,STRA,UPBD",9,8,9,0.8888888888888888,False
2019-07,"ACAD,ALRM,FRPT,IIPR,NSSC,RCII,STRA,VCTR","ACAD,ALRM,FRPT,IIPR,NSSC,STRA,UPBD,VCTR",8,"ACAD,ALRM,FRPT,GSHD,IIPR,NSSC,STRA,UPBD,VCTR",9,8,9,0.8888888888888888,False
2019-08,"ACAD,FRPT,GSHD,IIPR,NSSC,RCII,SAFE,VCTR","ACAD,FRPT,GSHD,IIPR,NSSC,SAFE,UPBD,VCTR",8,"ACAD,BFAM,FRPT,GSHD,IIPR,NSSC,STRA,UPBD,VCTR",9,7,10,0.7,False
2019-09,"ACAD,AGYS,GSHD,IIPR,NSSC,RCII,SAFE,VCTR","ACAD,AGYS,GSHD,IIPR,NSSC,SAFE,UPBD,VCTR",8,"ACAD,AGYS,AWR,GSHD,HLIT,IIPR,NSSC,UPBD,VCTR",9,7,10,0.7,False
2019-10,"AGYS,AWR,BFAM,IIPR,NSSC,RCII,SAFE,VCTR","AGYS,AWR,BFAM,IIPR,NSSC,SAFE,UPBD,VCTR",8,"AGYS,AWR,BFAM,GSHD,IIPR,NSSC,PRDO,UPBD,VCTR",9,7,10,0.7,False
2019-11,"ACAD,AGYS,GFF,IIPR,NSSC,RCII,SAFE,VCTR","ACAD,AGYS,GFF,IIPR,NSSC,SAFE,UPBD,VCTR",8,"ACAD,AGYS,AWR,GFF,IIPR,MSEX,NSSC,UPBD,VCTR",9,7,10,0.7,False
2019-12,"ACAD,AGYS,FRPT,GFF,GSHD,IIPR,NSSC,RCII,SAFE","ACAD,AGYS,FRPT,GFF,GSHD,IIPR,NSSC,SAFE,UPBD",9,"ACA,ACAD,AGYS,FRPT,GFF,GSHD,IIPR,NSSC,UPBD",9,8,10,0.8,False
2020-01,"ACAD,AGYS,GFF,IIPR,NSSC,SAFE,TGTX,VCTR,WSC","ACAD,AGYS,GFF,IIPR,NSSC,SAFE,TGTX,VCTR,WSC",9,"ACAD,AGYS,GFF,HLIT,IIPR,NSSC,TGTX,VCTR,WSC",9,8,10,0.8,False
2020-02,"ACA,ACAD,FRPT,NSSC,RCII,SAFE,TGTX,VCTR,WSC","ACA,ACAD,FRPT,NSSC,SAFE,TGTX,UPBD,VCTR,WSC",9,"ACA,ACAD,FRPT,GSHD,NSSC,TGTX,UPBD,VCTR,WSC",9,8,10,0.8,False
2020-03,"AGYS,FRPT,GSHD,RCII,SAFE,TGTX,VCTR,WSC,WU","AGYS,FRPT,GSHD,SAFE,TGTX,UPBD,VCTR,WSC,WU",9,"AGYS,FRPT,GSHD,SAFE,TGTX,UPBD,VCTR,WSC,WU",9,9,9,1.0,True
2020-04,"ACAD,AGYS,COLL,CWEN,FRPT,GSHD,SAFE,TGTX,WSC","ACAD,AGYS,COLL,CWEN,FRPT,GSHD,SAFE,TGTX,WSC",9,"ACAD,AGYS,COLL,CWEN,FRPT,GSHD,SAFE,TGTX,WSC",9,9,9,1.0,True
2020-05,"ACA,ACAD,CWEN,FRPT,GSHD,QDEL,RCUS,SAFE,SHEN","ACA,ACAD,CWEN,FRPT,GSHD,QDEL,RCUS,SAFE,SHEN",9,"ACA,ACAD,CWEN,FRPT,GSHD,INDV,QDEL,RCUS,SHEN",9,8,10,0.8,False
2020-06,"ACAD,AOSL,COLL,FRPT,GSHD,QDEL,RCUS,SAFE,TGTX","ACAD,AOSL,COLL,FRPT,GSHD,QDEL,RCUS,SAFE,TGTX",9,"ACAD,AOSL,COLL,CWEN,FRPT,GSHD,QDEL,RCUS,TGTX",9,8,10,0.8,False
2020-07,"ACAD,BL,COLL,FRPT,PENN,QDEL,RCUS,SAFE,TGTX","ACAD,BL,COLL,FRPT,PENN,QDEL,RCUS,SAFE,TGTX",9,"ACAD,BL,COLL,FRPT,INDV,PENN,QDEL,RCUS,TGTX",9,8,10,0.8,False
2020-08,"ACAD,COLL,FRPT,GSHD,PENN,QDEL,RCUS,SAFE,TGTX","ACAD,COLL,FRPT,GSHD,PENN,QDEL,RCUS,SAFE,TGTX",9,"ACAD,CENTA,COLL,FRPT,GSHD,PENN,QDEL,RCUS,TGTX",9,8,10,0.8,False
2020-09,"ACAD,BL,FRPT,GSHD,PENN,QDEL,RCUS,SAFE,TGTX","ACAD,BL,FRPT,GSHD,PENN,QDEL,RCUS,SAFE,TGTX",9,"ACAD,BL,FRPT,GSHD,INDV,PENN,QDEL,RCUS,TGTX",9,8,10,0.8,False
2020-10,"BL,COLL,FRPT,GSHD,PENN,QDEL,RCUS,SHEN,TGTX","BL,COLL,FRPT,GSHD,PENN,QDEL,RCUS,SHEN,TGTX",9,"BL,FRPT,GSHD,INDV,PENN,QDEL,RCUS,SHEN,TGTX",9,8,10,0.8,False
2020-11,"BL,FRPT,GSHD,IIPR,PENN,QDEL,RCUS,SAFE,TGTX","BL,FRPT,GSHD,IIPR,PENN,QDEL,RCUS,SAFE,TGTX",9,"BL,CLSK,FRPT,GSHD,INDV,PENN,QDEL,RCUS,TGTX",9,7,11,0.6363636363636364,False
2020-12,"BL,FRPT,GSHD,IIPR,PENN,QDEL,RCUS,SAFE,TGTX","BL,FRPT,GSHD,IIPR,PENN,QDEL,RCUS,SAFE,TGTX",9,"BL,FRPT,GSHD,IIPR,INDV,PENN,QDEL,RCUS,TGTX",9,8,10,0.8,False
2021-01,"BL,BSIG,FRPT,GSHD,IIPR,PENN,QDEL,RCUS,TGTX","AAMI,BL,FRPT,GSHD,IIPR,PENN,QDEL,RCUS,TGTX",9,"BL,FRPT,GSHD,IIPR,INDV,PENN,QDEL,RCUS,TGTX",9,8,10,0.8,False
2021-02,"ALRM,BL,CLSK,FRPT,GSHD,PENN,QDEL,RCUS,TGTX","ALRM,BL,CLSK,FRPT,GSHD,PENN,QDEL,RCUS,TGTX",9,"ALRM,CLSK,FRPT,GSHD,INDV,PENN,QDEL,RCUS,TGTX",9,8,10,0.8,False
2021-03,"AOSL,CLSK,GSHD,JOE,PBI,PENN,QDEL,RCUS,TGTX","AOSL,CLSK,GSHD,JOE,PBI,PENN,QDEL,RCUS,TGTX",9,"AOSL,CLSK,GSHD,INDV,PBI,PENN,QDEL,RCUS,TGTX",9,8,10,0.8,False
2021-04,"AOSL,CLSK,DFIN,KSS,PBI,PENN,RCII,SM,TGTX","AOSL,CLSK,DFIN,KSS,PBI,PENN,SM,TGTX,UPBD",9,"AOSL,CLSK,DFIN,KSS,PBI,PENN,SM,TGTX,UPBD",9,9,9,1.0,True
2021-05,"AOSL,BSIG,CLSK,DFIN,KSS,PENN,RCII,SM,TGTX","AAMI,AOSL,CLSK,DFIN,KSS,PENN,SM,TGTX,UPBD",9,"AAMI,AOSL,CLSK,DFIN,KSS,PENN,SM,TGTX,UPBD",9,9,9,1.0,True
2021-06,"AOSL,BSIG,CLSK,DFIN,KLIC,KSS,PBI,PENN,SM","AAMI,AOSL,CLSK,DFIN,KLIC,KSS,PBI,PENN,SM",9,"AAMI,AOSL,CLSK,DFIN,KLIC,KSS,PBI,PENN,SM",9,9,9,1.0,True
2021-07,"AGYS,AOSL,BTU,CC,CLSK,DFIN,KSS,PBI,SM","AGYS,AOSL,BTU,CC,CLSK,DFIN,KSS,PBI,SM",9,"AGYS,AOSL,BTU,CC,CLSK,DFIN,KSS,PBI,SM",9,9,9,1.0,True
2021-08,"AGYS,AOSL,BTU,DFIN,KLIC,KSS,MHK,PBI,SM","AGYS,AOSL,BTU,DFIN,KLIC,KSS,MHK,PBI,SM",9,"AGYS,AOSL,BTU,DFIN,KLIC,KSS,MHK,PBI,SM",9,9,9,1.0,True
2021-09,"AGYS,BTU,DFIN,DXC,FBP,KLIC,KSS,MHK,SM","AGYS,BTU,DFIN,DXC,FBP,KLIC,KSS,MHK,SM",9,"AGYS,BTU,DFIN,DXC,FBP,KLIC,KSS,MHK,SM",9,9,9,1.0,True
2021-10,"AGYS,BTU,DFIN,FBP,JOE,KLIC,KSS,SM,TMDX","AGYS,BTU,DFIN,FBP,JOE,KLIC,KSS,SM,TMDX",9,"AGYS,BTU,DFIN,FBP,KLIC,KSS,SAFE,SM,TMDX",9,8,10,0.8,False
2021-11,"BRKS,BTU,DFIN,KLIC,KSS,LYFT,SM,TMDX,WHD","AZTA,BTU,DFIN,KLIC,KSS,LYFT,SM,TMDX,WHD",9,"AZTA,BTU,DFIN,KLIC,KSS,LYFT,SM,TMDX,WHD",9,9,9,1.0,True
2021-12,"BTU,CLSK,DFIN,IIPR,KLIC,SM,TMDX,VCTR,WHD","BTU,CLSK,DFIN,IIPR,KLIC,SM,TMDX,VCTR,WHD",9,"BTU,CLSK,DFIN,INDV,KLIC,SAFE,SM,TMDX,WHD",9,7,11,0.6363636363636364,False
2022-01,"AOSL,BRKS,BTU,DFIN,KLIC,NSSC,RCUS,SM,WSC","AOSL,AZTA,BTU,DFIN,KLIC,NSSC,RCUS,SM,WSC",9,"AOSL,BTU,DFIN,INDV,KLIC,NSSC,RCUS,SAFE,SM",9,7,11,0.6363636363636364,False
2022-02,"AOSL,BTU,DFIN,KLIC,MSEX,NSSC,SM,VCTR,WSC","AOSL,BTU,DFIN,KLIC,MSEX,NSSC,SM,VCTR,WSC",9,"AOSL,BTU,DFIN,INDV,KLIC,NSSC,SAFE,SM,VCTR",9,7,11,0.6363636363636364,False
2022-03,"BTU,CC,EPC,FBP,MSEX,SM,VCTR,WHD,WSC","BTU,CC,EPC,FBP,MSEX,SM,VCTR,WHD,WSC",9,"BTU,CC,EPC,FBP,INDV,MSEX,SM,WHD,WSC",9,8,10,0.8,False
2022-04,"AOSL,BTU,CARG,JOE,MSEX,NPO,RHP,SM,WHD","AOSL,BTU,CARG,JOE,MSEX,NPO,RHP,SM,WHD",9,"AOSL,BTU,CARG,INDV,JOE,MSEX,NPO,SAFE,SM,WHD",10,8,11,0.7272727272727273,False
2022-05,"AOSL,BTU,CARG,CWEN,MSEX,RHP,SM,WHD,WSC","AOSL,BTU,CARG,CWEN,MSEX,RHP,SM,WHD,WSC",9,"AOSL,BTU,CARG,CWEN,INDV,MSEX,SAFE,SM,WHD,WSC",10,8,11,0.7272727272727273,False
2022-06,"AOSL,BTU,CARG,GPOR,HLIT,LKFN,RHP,SM,WHD,WSC","AOSL,BTU,CARG,GPOR,HLIT,LKFN,RHP,SM,WHD,WSC",10,"AOSL,BTU,CARG,GPOR,HLIT,INDV,LKFN,SM,WHD,WSC",10,9,11,0.8181818181818182,False
2022-07,"AOSL,BTU,CWEN,FBP,GPOR,PLUS,RHP,SM,WHD,WSC","AOSL,BTU,CWEN,FBP,GPOR,PLUS,RHP,SM,WHD,WSC",10,"AOSL,BTU,CWEN,FBP,GPOR,INDV,PLUS,SM,WHD,WSC",10,9,11,0.8181818181818182,False
2022-08,"AOSL,BTU,CWEN,GFF,GPOR,NSSC,OGN,RHP,SM,UVV","AOSL,BTU,CWEN,GFF,GPOR,NSSC,OGN,RHP,SM,UVV",10,"AOSL,BTU,CWEN,GFF,GPOR,INDV,NSSC,OGN,SM,UVV",10,9,11,0.8181818181818182,False
2022-09,"AOSL,CWEN,GFF,GPOR,NSSC,PRDO,RHP,SM,TMDX,WSC","AOSL,CWEN,GFF,GPOR,NSSC,PRDO,RHP,SM,TMDX,WSC",10,"AOSL,CWEN,GFF,GPOR,INDV,NSSC,PRDO,SM,TMDX,WSC",10,9,11,0.8181818181818182,False
2022-10,"BTU,CWEN,DFIN,GFF,GPOR,HLIT,NSSC,SM,TMDX,WSC","BTU,CWEN,DFIN,GFF,GPOR,HLIT,NSSC,SM,TMDX,WSC",10,"BTU,CWEN,DFIN,GFF,HLIT,INDV,NSSC,SM,TMDX,WSC",10,9,11,0.8181818181818182,False
2022-11,"AGYS,BTU,FMC,GFF,GPOR,HLIT,NSSC,SM,TMDX,WSC","AGYS,BTU,FMC,GFF,GPOR,HLIT,NSSC,SM,TMDX,WSC",10,"AGYS,BTU,FMC,GFF,GPOR,HLIT,NSSC,SM,TMDX,WSC",10,10,10,1.0,True
2022-12,"AGYS,BTU,GFF,GPOR,IRDM,RHP,SM,STRA,TMDX,WHD","AGYS,BTU,GFF,GPOR,IRDM,RHP,SM,STRA,TMDX,WHD",10,"AGYS,BTU,GFF,GPOR,HLIT,IRDM,SM,STRA,TMDX,WHD",10,9,11,0.8181818181818182,False
