ticker,avail,ins_conv_3m,ins_convval_3m
AAMI,2025-10-03,0.0,0.0
AAMI,2026-03-03,0.0,0.0
AAMI,2026-06-03,0.0,0.0
AAMI,2026-07-03,0.0,0.0
AAMI,2026-09-03,0.0,0.0
BSIG,2019-09-03,1.0,455000.0
BSIG,2020-01-03,0.5,227500.0
BSIG,2020-03-03,0.3333333333333333,151666.66666666666
BSIG,2020-07-03,0.0,0.0
BSIG,2021-01-03,0.0,0.0
BSIG,2021-03-03,0.0,0.0
BSIG,2022-01-03,0.0,0.0
BSIG,2024-03-03,0.0,0.0
BSIG,2024-12-03,0.0,0.0
ACA,2019-04-03,0.0,0.0
ACA,2019-07-03,0.0,0.0
ACA,2020-04-03,0.3333333333333333,150343.33333333334
ACA,2020-06-03,0.3333333333333333,150343.33333333334
ACA,2020-07-03,0.3333333333333333,150343.33333333334
ACA,2021-06-03,0.0,0.0
ACA,2021-07-03,0.0,0.0
ACA,2022-12-03,0.0,0.0
ACA,2023-01-03,0.0,0.0
ACA,2023-06-03,0.0,0.0
ACA,2023-09-03,0.0,0.0
ACA,2024-06-03,0.0,0.0
ACA,2024-09-03,0.3333333333333333,331636.3333333333
ACA,2024-10-03,0.3333333333333333,331636.3333333333
ACA,2025-04-03,0.3333333333333333,331636.3333333333
ACA,2025-06-03,0.0,0.0
ACA,2025-07-03,0.0,0.0
ACA,2025-09-03,0.0,0.0
NYMT,2019-07-03,0.0,0.0
NYMT,2020-04-03,0.5,166195.0
AGYS,2019-03-03,1.0,367977.0
AGYS,2019-04-03,0.5,183988.5
AGYS,2019-05-03,0.3333333333333333,122659.0
AGYS,2019-06-03,0.0,0.0
AGYS,2019-07-03,0.0,0.0
AGYS,2019-08-03,0.0,0.0
AGYS,2019-09-03,0.0,0.0
AGYS,2019-10-03,0.0,0.0
AGYS,2020-01-03,0.0,0.0
AGYS,2020-03-03,0.0,0.0
AGYS,2020-04-03,0.0,0.0
AGYS,2020-12-03,0.0,0.0
AGYS,2021-03-03,0.0,0.0
AGYS,2021-04-03,0.0,0.0
AGYS,2021-07-03,0.0,0.0
AGYS,2021-09-03,0.0,0.0
AGYS,2021-10-03,0.0,0.0
AGYS,2022-12-03,0.0,0.0
AGYS,2023-02-03,0.0,0.0
AGYS,2023-03-03,0.0,0.0
AGYS,2023-04-03,0.0,0.0
AGYS,2023-06-03,0.0,0.0
AGYS,2023-07-03,0.0,0.0
AGYS,2023-09-03,0.0,0.0
AGYS,2023-12-03,0.0,0.0
AGYS,2024-01-03,0.0,0.0
AGYS,2024-02-03,0.0,0.0
AGYS,2024-03-03,0.0,0.0
AGYS,2024-04-03,0.0,0.0
AGYS,2024-06-03,0.0,0.0
AGYS,2024-07-03,0.0,0.0
AGYS,2024-08-03,0.0,0.0
AGYS,2024-09-03,0.0,0.0
AGYS,2024-10-03,0.0,0.0
AGYS,2024-12-03,0.0,0.0
AGYS,2025-01-03,0.0,0.0
AGYS,2025-02-03,0.0,0.0
AGYS,2025-04-03,0.0,0.0
AGYS,2025-07-03,0.0,0.0
AGYS,2025-08-03,0.0,0.0
AGYS,2025-11-03,0.0,0.0
AGYS,2025-12-03,0.0,0.0
AGYS,2026-03-03,0.0,0.0
AGYS,2026-04-03,0.0,0.0
AGYS,2026-07-03,0.0,0.0
AGYS,2026-09-03,0.0,0.0
AGYS,2026-10-03,0.0,0.0
ALRM,2019-02-03,0.0,0.0
ALRM,2019-03-03,0.0,0.0
ALRM,2019-04-03,0.0,0.0
ALRM,2019-05-03,0.0,0.0
ALRM,2019-06-03,0.0,0.0
ALRM,2019-07-03,0.0,0.0
ALRM,2019-09-03,0.0,0.0
ALRM,2019-12-03,0.0,0.0
ALRM,2020-02-03,0.0,0.0
ALRM,2020-03-03,0.0,0.0
ALRM,2020-04-03,0.0,0.0
ALRM,2020-05-03,0.0,0.0
ALRM,2020-06-03,0.0,0.0
ALRM,2020-07-03,0.0,0.0
ALRM,2020-08-03,0.0,0.0
ALRM,2020-09-03,0.0,0.0
ALRM,2020-10-03,0.0,0.0
ALRM,2020-11-03,0.0,0.0
ALRM,2020-12-03,0.0,0.0
ALRM,2021-01-03,0.0,0.0
ALRM,2021-02-03,0.0,0.0
ALRM,2021-03-03,0.0,0.0
ALRM,2021-04-03,0.0,0.0
ALRM,2021-05-03,0.0,0.0
ALRM,2021-06-03,0.0,0.0
ALRM,2021-07-03,0.0,0.0
ALRM,2021-08-03,0.0,0.0
ALRM,2021-09-03,0.0,0.0
ALRM,2021-10-03,0.0,0.0
ALRM,2021-11-03,0.0,0.0
ALRM,2021-12-03,0.0,0.0
ALRM,2022-01-03,0.0,0.0
ALRM,2022-10-03,0.0,0.0
ALRM,2023-03-03,0.0,0.0
ALRM,2023-04-03,0.0,0.0
ALRM,2023-05-03,0.0,0.0
ALRM,2023-06-03,0.0,0.0
ALRM,2023-07-03,0.0,0.0
ALRM,2023-09-03,0.0,0.0
ALRM,2024-03-03,0.0,0.0
ALRM,2024-04-03,0.0,0.0
ALRM,2024-05-03,0.0,0.0
ALRM,2024-09-03,0.0,0.0
ALRM,2024-12-03,0.0,0.0
ALRM,2025-01-03,0.0,0.0
ALRM,2025-04-03,0.0,0.0
ALRM,2025-05-03,0.0,0.0
ALRM,2025-06-03,0.0,0.0
ALRM,2025-07-03,0.0,0.0
ALRM,2025-08-03,0.0,0.0
ALRM,2025-12-03,0.3333333333333333,419093.6666666667
ALRM,2026-01-03,0.3333333333333333,419093.6666666667
ALRM,2026-04-03,0.3333333333333333,419093.6666666667
ALRM,2026-06-03,0.0,0.0
ALRM,2026-07-03,0.0,0.0
ALRM,2026-08-03,0.0,0.0
ALRM,2026-09-03,0.0,0.0
APD,2019-06-03,0.0,0.0
APD,2019-08-03,0.5,2271600.0
APD,2020-02-03,0.3333333333333333,1514400.0
APD,2021-12-03,0.3333333333333333,1514400.0
APD,2022-01-03,0.0,0.0
APD,2023-01-03,0.0,0.0
APD,2023-12-03,0.3333333333333333,841133.3333333334
APD,2024-01-03,0.3333333333333333,841133.3333333334
APD,2025-03-03,0.3333333333333333,841133.3333333334
APD,2025-04-03,0.0,0.0
APD,2025-09-03,0.0,0.0
APD,2025-12-03,0.0,0.0
APD,2026-03-03,0.0,0.0
APD,2026-06-03,0.0,0.0
ARR,2019-04-03,0.0,0.0
ARR,2019-05-03,0.5,96600.0
ARR,2019-06-03,0.6666666666666666,82950.0
ARR,2019-10-03,0.6666666666666666,82950.0
ARR,2020-04-03,0.3333333333333333,18550.0
ARR,2020-05-03,0.0,0.0
ARR,2020-07-03,0.0,0.0
ARR,2020-12-03,0.0,0.0
ARR,2021-01-03,0.0,0.0
ARR,2021-04-03,0.0,0.0
ARR,2021-05-03,0.0,0.0
ARR,2021-11-03,0.0,0.0
ARR,2023-01-03,0.0,0.0
ARR,2023-12-03,0.0,0.0
ARR,2024-01-03,0.0,0.0
ARR,2024-06-03,0.0,0.0
ARR,2024-11-03,0.0,0.0
ARR,2024-12-03,0.0,0.0
ARR,2025-02-03,0.0,0.0
ARR,2026-02-03,0.0,0.0
AZTA,2023-07-03,0.0,0.0
AZTA,2023-09-03,0.0,0.0
AZTA,2024-11-03,0.0,0.0
AZTA,2024-12-03,0.3333333333333333,184301.33333333334
AZTA,2025-03-03,0.3333333333333333,184301.33333333334
AZTA,2025-09-03,0.6666666666666666,207601.33333333334
AZTA,2025-10-03,0.3333333333333333,23300.0
AZTA,2025-12-03,0.3333333333333333,23300.0
AZTA,2026-06-03,0.0,0.0
AZTA,2026-09-03,0.0,0.0
BRKS,2019-02-03,0.0,0.0
BRKS,2019-03-03,0.0,0.0
BRKS,2019-05-03,0.0,0.0
BRKS,2019-06-03,0.0,0.0
BRKS,2019-08-03,0.0,0.0
BRKS,2019-11-03,0.0,0.0
BRKS,2019-12-03,0.0,0.0
BRKS,2020-01-03,0.0,0.0
BRKS,2020-02-03,0.0,0.0
BRKS,2020-03-03,0.0,0.0
BRKS,2020-05-03,0.0,0.0
BRKS,2020-06-03,0.0,0.0
BRKS,2020-07-03,0.0,0.0
BRKS,2020-08-03,0.0,0.0
BRKS,2020-09-03,0.0,0.0
BRKS,2020-10-03,0.0,0.0
BRKS,2020-12-03,0.0,0.0
BRKS,2021-06-03,0.0,0.0
BRKS,2021-07-03,0.0,0.0
BRKS,2021-08-03,0.0,0.0
BRKS,2021-10-03,0.0,0.0
BRKS,2021-12-03,0.0,0.0
BL,2019-04-03,0.0,0.0
BL,2019-06-03,0.0,0.0
BL,2019-07-03,0.0,0.0
BL,2019-08-03,0.0,0.0
BL,2019-09-03,0.0,0.0
BL,2019-10-03,0.0,0.0
BL,2019-12-03,0.0,0.0
BL,2020-01-03,0.0,0.0
BL,2020-02-03,0.0,0.0
BL,2020-03-03,0.0,0.0
BL,2020-04-03,0.0,0.0
BL,2020-06-03,0.0,0.0
BL,2020-07-03,0.0,0.0
BL,2020-08-03,0.0,0.0
BL,2020-09-03,0.0,0.0
BL,2020-12-03,0.0,0.0
BL,2021-03-03,0.0,0.0
BL,2021-04-03,0.0,0.0
BL,2021-05-03,0.0,0.0
BL,2021-06-03,0.0,0.0
BL,2021-07-03,0.0,0.0
BL,2021-08-03,0.0,0.0
BL,2021-09-03,0.0,0.0
BL,2021-10-03,0.0,0.0
BL,2021-11-03,0.0,0.0
BL,2021-12-03,0.0,0.0
BL,2022-01-03,0.0,0.0
BL,2022-11-03,0.0,0.0
BL,2022-12-03,0.0,0.0
BL,2023-01-03,0.0,0.0
BL,2023-02-03,0.0,0.0
BL,2023-03-03,0.0,0.0
BL,2023-04-03,0.0,0.0
BL,2023-05-03,0.0,0.0
BL,2023-06-03,0.0,0.0
BL,2023-09-03,0.0,0.0
BL,2023-10-03,0.0,0.0
BL,2023-12-03,0.0,0.0
BL,2024-01-03,0.0,0.0
BL,2024-02-03,0.0,0.0
BL,2024-03-03,0.0,0.0
BL,2024-04-03,0.0,0.0
BL,2024-06-03,0.3333333333333333,49883.333333333336
BL,2024-07-03,0.3333333333333333,49883.333333333336
BL,2024-09-03,0.3333333333333333,49883.333333333336
BL,2024-10-03,0.0,0.0
BL,2024-11-03,0.0,0.0
BL,2024-12-03,0.0,0.0
BL,2025-01-03,0.0,0.0
BL,2025-03-03,0.0,0.0
BL,2025-06-03,0.0,0.0
BL,2025-09-03,0.0,0.0
BL,2025-10-03,0.0,0.0
BL,2025-11-03,0.0,0.0
BL,2026-06-03,0.0,0.0
BL,2026-07-03,0.0,0.0
BL,2026-09-03,0.0,0.0
BMI,2019-03-03,0.0,0.0
BMI,2019-04-03,0.0,0.0
BMI,2019-05-03,0.0,0.0
BMI,2019-07-03,0.0,0.0
BMI,2020-04-03,0.0,0.0
BMI,2020-06-03,0.0,0.0
BMI,2020-09-03,0.0,0.0
BMI,2020-10-03,0.0,0.0
BMI,2020-11-03,0.0,0.0
BMI,2021-03-03,0.0,0.0
BMI,2021-04-03,0.0,0.0
BMI,2021-08-03,0.0,0.0
BMI,2021-09-03,0.0,0.0
BMI,2021-10-03,0.0,0.0
BMI,2023-04-03,0.0,0.0
BMI,2023-09-03,0.0,0.0
BMI,2024-03-03,0.0,0.0
BMI,2024-04-03,0.0,0.0
BMI,2024-09-03,0.0,0.0
BMI,2025-04-03,0.0,0.0
BMI,2026-03-03,0.3333333333333333,167662.0
BMI,2026-04-03,0.3333333333333333,167662.0
BMI,2026-05-03,0.3333333333333333,167662.0
BMI,2026-08-03,0.0,0.0
BTU,2019-03-03,0.0,0.0
BTU,2019-05-03,0.0,0.0
BTU,2019-07-03,0.0,0.0
BTU,2019-09-03,0.0,0.0
BTU,2020-02-03,0.0,0.0
BTU,2020-03-03,0.0,0.0
BTU,2020-05-03,0.0,0.0
BTU,2020-06-03,0.0,0.0
BTU,2021-02-03,0.0,0.0
BTU,2021-03-03,0.0,0.0
BTU,2021-05-03,0.0,0.0
BTU,2021-06-03,0.0,0.0
BTU,2021-07-03,0.0,0.0
BTU,2021-10-03,0.0,0.0
BTU,2021-12-03,0.0,0.0
BTU,2023-01-03,0.0,0.0
BTU,2023-02-03,0.0,0.0
BTU,2023-03-03,0.0,0.0
BTU,2023-04-03,0.0,0.0
BTU,2023-12-03,0.0,0.0
BTU,2024-01-03,0.0,0.0
BTU,2024-02-03,0.0,0.0
BTU,2024-03-03,0.0,0.0
BTU,2024-09-03,0.0,0.0
BTU,2024-12-03,0.0,0.0
BTU,2025-03-03,0.3333333333333333,33353.0
BTU,2025-04-03,0.3333333333333333,33353.0
BTU,2026-02-03,0.3333333333333333,33353.0
BTU,2026-03-03,0.0,0.0
BTU,2026-04-03,0.0,0.0
BTU,2026-06-03,0.0,0.0
BTU,2026-07-03,0.0,0.0
CC,2019-03-03,0.0,0.0
CC,2019-04-03,0.0,0.0
CC,2019-06-03,0.0,0.0
CC,2019-07-03,0.3333333333333333,339822.3333333333
CC,2019-09-03,0.3333333333333333,339822.3333333333
CC,2019-10-03,0.6666666666666666,449269.0
CC,2020-02-03,0.3333333333333333,109446.66666666667
CC,2020-04-03,0.3333333333333333,109446.66666666667
CC,2020-06-03,0.0,0.0
CC,2020-09-03,0.0,0.0
CC,2020-12-03,0.0,0.0
CC,2021-01-03,0.0,0.0
CC,2021-06-03,0.0,0.0
CC,2021-07-03,0.0,0.0
CC,2021-09-03,0.0,0.0
CC,2022-01-03,0.0,0.0
CC,2023-04-03,0.0,0.0
CC,2023-07-03,0.3333333333333333,83326.0
CC,2024-09-03,0.3333333333333333,83326.0
CC,2024-12-03,0.3333333333333333,83326.0
CC,2025-06-03,0.3333333333333333,16732.0
CC,2025-07-03,0.3333333333333333,16732.0
CC,2025-09-03,0.3333333333333333,16732.0
CC,2026-09-03,0.3333333333333333,33516.666666666664
CNP,2019-02-03,0.0,0.0
CNP,2019-03-03,0.0,0.0
CNP,2019-04-03,0.0,0.0
CNP,2019-05-03,0.0,0.0
CNP,2019-06-03,0.0,0.0
CNP,2019-07-03,0.0,0.0
CNP,2019-08-03,0.0,0.0
CNP,2019-09-03,0.0,0.0
CNP,2019-10-03,0.0,0.0
CNP,2019-11-03,0.0,0.0
CNP,2019-12-03,0.0,0.0
CNP,2020-01-03,0.0,0.0
CNP,2020-02-03,0.0,0.0
CNP,2020-03-03,0.0,0.0
CNP,2020-06-03,0.0,0.0
CNP,2021-04-03,0.0,0.0
CNP,2021-06-03,0.3333333333333333,473200.0
CNP,2021-12-03,0.3333333333333333,473200.0
CNP,2022-12-03,0.3333333333333333,473200.0
CNP,2023-06-03,0.0,0.0
CNP,2023-12-03,0.3333333333333333,470995.6666666667
CNP,2024-06-03,0.3333333333333333,470995.6666666667
CNP,2025-03-03,0.3333333333333333,470995.6666666667
CNP,2025-04-03,0.0,0.0
CNP,2025-06-03,0.0,0.0
CNP,2025-12-03,0.0,0.0
CNP,2026-09-03,0.0,0.0
CSW,2025-09-03,0.0,0.0
CSW,2025-10-03,0.0,0.0
CSW,2025-11-03,0.0,0.0
CSW,2025-12-03,0.0,0.0
CSW,2026-01-03,0.0,0.0
CSW,2026-02-03,0.0,0.0
CSW,2026-03-03,0.0,0.0
CSW,2026-04-03,0.0,0.0
CSW,2026-05-03,0.0,0.0
CSW,2026-06-03,0.0,0.0
CSW,2026-07-03,0.0,0.0
CSW,2026-08-03,0.0,0.0
CSW,2026-09-03,0.0,0.0
CSWI,2019-03-03,0.0,0.0
CSWI,2019-05-03,0.0,0.0
CSWI,2019-09-03,0.0,0.0
CSWI,2019-12-03,0.0,0.0
CSWI,2020-01-03,0.0,0.0
CSWI,2020-02-03,0.0,0.0
CSWI,2020-03-03,0.0,0.0
CSWI,2020-04-03,0.0,0.0
CSWI,2020-05-03,0.0,0.0
CSWI,2020-06-03,0.3333333333333333,116133.33333333333
CSWI,2020-07-03,0.3333333333333333,116133.33333333333
CSWI,2020-08-03,0.3333333333333333,116133.33333333333
CSWI,2020-09-03,0.0,0.0
CSWI,2020-10-03,0.0,0.0
CSWI,2020-11-03,0.0,0.0
CSWI,2020-12-03,0.0,0.0
CSWI,2021-01-03,0.0,0.0
CSWI,2021-02-03,0.0,0.0
CSWI,2021-03-03,0.0,0.0
CSWI,2021-04-03,0.0,0.0
CSWI,2021-05-03,0.0,0.0
CSWI,2021-06-03,0.0,0.0
CSWI,2021-07-03,0.0,0.0
CSWI,2021-08-03,0.0,0.0
CSWI,2021-09-03,0.0,0.0
CSWI,2021-10-03,0.0,0.0
CSWI,2021-11-03,0.0,0.0
CSWI,2021-12-03,0.0,0.0
CSWI,2022-10-03,0.0,0.0
CSWI,2022-11-03,0.0,0.0
CSWI,2022-12-03,0.0,0.0
CSWI,2023-02-03,0.0,0.0
CSWI,2023-03-03,0.0,0.0
CSWI,2023-04-03,0.0,0.0
CSWI,2023-05-03,0.0,0.0
CSWI,2023-06-03,0.0,0.0
CSWI,2023-07-03,0.0,0.0
CSWI,2023-08-03,0.0,0.0
CSWI,2023-09-03,0.0,0.0
CSWI,2023-10-03,0.0,0.0
CSWI,2023-11-03,0.0,0.0
CSWI,2023-12-03,0.0,0.0
CSWI,2024-01-03,0.0,0.0
CSWI,2024-03-03,0.0,0.0
CSWI,2024-04-03,0.0,0.0
CSWI,2024-05-03,0.0,0.0
CSWI,2024-06-03,0.0,0.0
CSWI,2024-07-03,0.0,0.0
CSWI,2024-08-03,0.0,0.0
CSWI,2024-09-03,0.0,0.0
CSWI,2024-10-03,0.0,0.0
CSWI,2024-11-03,0.0,0.0
CSWI,2024-12-03,0.0,0.0
CSWI,2025-01-03,0.0,0.0
CSWI,2025-02-03,0.0,0.0
CSWI,2025-03-03,0.0,0.0
CSWI,2025-04-03,0.0,0.0
CSWI,2025-05-03,0.0,0.0
CSWI,2025-06-03,0.0,0.0
CSWI,2025-07-03,0.0,0.0
CSWI,2025-08-03,0.0,0.0
CSX,2019-02-03,0.0,0.0
CSX,2019-05-03,0.0,0.0
CSX,2019-07-03,0.0,0.0
CSX,2019-11-03,0.0,0.0
CSX,2020-03-03,0.0,0.0
CSX,2020-06-03,0.0,0.0
CSX,2020-08-03,0.0,0.0
CSX,2020-09-03,0.0,0.0
CSX,2020-11-03,0.0,0.0
CSX,2020-12-03,0.0,0.0
CSX,2021-03-03,0.0,0.0
CSX,2021-05-03,0.0,0.0
CSX,2021-06-03,0.0,0.0
CSX,2021-08-03,0.0,0.0
CSX,2021-09-03,0.0,0.0
CSX,2021-10-03,0.0,0.0
CSX,2021-11-03,0.0,0.0
CSX,2024-03-03,0.0,0.0
CSX,2024-12-03,0.0,0.0
CSX,2025-04-03,0.0,0.0
CSX,2025-11-03,0.3333333333333333,675950.0
CSX,2026-02-03,0.3333333333333333,675950.0
CSX,2026-03-03,0.3333333333333333,675950.0
CSX,2026-04-03,0.0,0.0
CSX,2026-07-03,0.0,0.0
CSX,2026-08-03,0.0,0.0
CWEN,2019-04-03,1.0,94207.0
CWEN,2020-05-03,0.5,47103.5
CWEN,2021-04-03,0.6666666666666666,48909.0
CWEN,2021-06-03,0.3333333333333333,17506.666666666668
CWEN,2021-07-03,0.3333333333333333,17506.666666666668
CWEN,2021-09-03,0.0,0.0
CWEN,2021-10-03,0.0,0.0
CWEN,2022-12-03,0.0,0.0
CWEN,2023-05-03,0.0,0.0
CWEN,2023-09-03,0.3333333333333333,31573.333333333332
CWEN,2024-05-03,0.3333333333333333,31573.333333333332
CWEN,2024-09-03,0.3333333333333333,31573.333333333332
CWEN,2025-01-03,0.0,0.0
DAVE,2022-10-03,1.0,15329981.0
DAVE,2022-11-03,0.5,7664990.5
DAVE,2023-01-03,0.3333333333333333,5109993.666666667
DAVE,2023-04-03,0.0,0.0
DAVE,2023-07-03,0.0,0.0
DAVE,2023-09-03,0.0,0.0
DAVE,2023-10-03,0.0,0.0
DAVE,2024-01-03,0.0,0.0
DAVE,2024-04-03,0.0,0.0
DAVE,2024-06-03,0.0,0.0
DAVE,2024-07-03,0.0,0.0
DAVE,2024-11-03,0.0,0.0
DAVE,2024-12-03,0.0,0.0
DAVE,2025-01-03,0.0,0.0
DAVE,2025-07-03,0.0,0.0
DAVE,2025-10-03,0.0,0.0
DAVE,2026-01-03,0.0,0.0
DAVE,2026-03-03,0.0,0.0
DAVE,2026-04-03,0.0,0.0
DAVE,2026-07-03,0.0,0.0
DFIN,2019-09-03,0.0,0.0
DFIN,2019-12-03,0.5,98500.0
DFIN,2020-01-03,0.3333333333333333,65666.66666666667
DFIN,2020-03-03,0.3333333333333333,65666.66666666667
DFIN,2020-04-03,0.0,0.0
DFIN,2021-01-03,0.0,0.0
DFIN,2021-04-03,0.0,0.0
DFIN,2021-07-03,0.0,0.0
DFIN,2021-09-03,0.0,0.0
DFIN,2021-12-03,0.0,0.0
DFIN,2022-12-03,0.0,0.0
DFIN,2023-03-03,0.0,0.0
DFIN,2023-04-03,0.0,0.0
DFIN,2023-05-03,0.0,0.0
DFIN,2023-06-03,0.0,0.0
DFIN,2023-07-03,0.0,0.0
DFIN,2023-08-03,0.0,0.0
DFIN,2023-09-03,0.0,0.0
DFIN,2023-10-03,0.0,0.0
DFIN,2023-12-03,0.0,0.0
DFIN,2024-01-03,0.0,0.0
DFIN,2024-03-03,0.0,0.0
DFIN,2024-04-03,0.0,0.0
DFIN,2024-05-03,0.0,0.0
DFIN,2024-06-03,0.0,0.0
DFIN,2024-07-03,0.0,0.0
DFIN,2024-08-03,0.0,0.0
DFIN,2024-09-03,0.0,0.0
DFIN,2024-10-03,0.0,0.0
DFIN,2024-12-03,0.0,0.0
DFIN,2025-01-03,0.0,0.0
DFIN,2025-03-03,0.0,0.0
DFIN,2025-06-03,0.0,0.0
DFIN,2025-07-03,0.0,0.0
DFIN,2025-09-03,0.0,0.0
DFIN,2026-04-03,0.0,0.0
DFIN,2026-09-03,0.0,0.0
DFIN,2026-10-03,0.0,0.0
DLR,2019-03-03,0.0,0.0
DLR,2019-05-03,0.0,0.0
DLR,2019-06-03,0.0,0.0
DLR,2019-07-03,0.0,0.0
DLR,2019-09-03,0.0,0.0
DLR,2019-12-03,0.0,0.0
DLR,2020-01-03,0.0,0.0
DLR,2020-02-03,0.0,0.0
DLR,2020-03-03,0.0,0.0
DLR,2020-04-03,0.0,0.0
DLR,2020-05-03,0.0,0.0
DLR,2020-06-03,0.0,0.0
DLR,2020-07-03,0.0,0.0
DLR,2020-08-03,0.0,0.0
DLR,2020-09-03,0.0,0.0
DLR,2020-10-03,0.0,0.0
DLR,2020-11-03,0.0,0.0
DLR,2020-12-03,0.0,0.0
DLR,2021-01-03,0.0,0.0
DLR,2021-02-03,0.0,0.0
DLR,2021-03-03,0.0,0.0
DLR,2021-04-03,0.0,0.0
DLR,2021-05-03,0.0,0.0
DLR,2021-06-03,0.0,0.0
DLR,2021-07-03,0.0,0.0
DLR,2021-09-03,0.0,0.0
DLR,2021-10-03,0.0,0.0
DLR,2022-01-03,0.0,0.0
DLR,2022-10-03,0.3333333333333333,188700.0
DLR,2022-12-03,0.3333333333333333,188700.0
DLR,2023-03-03,0.3333333333333333,188700.0
DLR,2023-04-03,0.0,0.0
DLR,2023-06-03,0.0,0.0
DLR,2023-07-03,0.0,0.0
DLR,2023-09-03,0.0,0.0
DLR,2024-04-03,0.0,0.0
DLR,2024-09-03,0.0,0.0
DLR,2025-01-03,0.0,0.0
DLR,2025-07-03,0.0,0.0
DLR,2025-10-03,0.0,0.0
DLR,2026-01-03,0.0,0.0
DLR,2026-09-03,0.0,0.0
DXC,2019-06-03,0.0,0.0
DXC,2019-07-03,0.0,0.0
DXC,2019-08-03,0.3333333333333333,78128.0
DXC,2019-09-03,0.3333333333333333,78128.0
DXC,2020-12-03,0.3333333333333333,78128.0
DXC,2021-03-03,0.0,0.0
DXC,2021-07-03,0.0,0.0
DXC,2021-09-03,0.0,0.0
DXC,2021-10-03,0.0,0.0
DXC,2022-12-03,0.0,0.0
DXC,2023-03-03,0.0,0.0
DXC,2023-09-03,0.0,0.0
DXC,2024-04-03,0.0,0.0
DXC,2024-09-03,0.0,0.0
DXC,2024-10-03,0.0,0.0
DXC,2024-12-03,0.0,0.0
DXC,2025-07-03,0.0,0.0
DXC,2025-09-03,0.0,0.0
DXC,2025-10-03,0.0,0.0
DXC,2026-01-03,0.0,0.0
DXC,2026-03-03,0.3333333333333333,83568.66666666667
DXC,2026-06-03,0.3333333333333333,83568.66666666667
EBC,2020-11-03,1.0,4000000.0
EBC,2021-11-03,0.5,2000000.0
EBC,2022-01-03,0.3333333333333333,1333333.3333333333
EBC,2022-10-03,0.0,0.0
EBC,2022-12-03,0.0,0.0
EBC,2023-01-03,0.0,0.0
EBC,2023-06-03,0.0,0.0
EBC,2023-11-03,0.0,0.0
EBC,2023-12-03,0.0,0.0
EBC,2024-01-03,0.0,0.0
EBC,2024-04-03,0.0,0.0
EBC,2024-06-03,0.0,0.0
EBC,2024-09-03,0.0,0.0
EBC,2024-10-03,0.0,0.0
EBC,2025-01-03,0.0,0.0
EBC,2025-04-03,0.3333333333333333,51333.333333333336
EBC,2025-06-03,0.3333333333333333,51333.333333333336
EBC,2025-09-03,0.6666666666666666,217107.66666666666
EBC,2025-11-03,0.3333333333333333,165774.33333333334
EBC,2026-01-03,0.3333333333333333,165774.33333333334
EBC,2026-02-03,0.0,0.0
EBC,2026-03-03,0.0,0.0
EBC,2026-04-03,0.0,0.0
EBC,2026-07-03,0.0,0.0
EBC,2026-08-03,0.0,0.0
EBC,2026-09-03,0.0,0.0
EBC,2026-10-03,0.0,0.0
EMN,2020-03-03,0.0,0.0
EMN,2020-06-03,0.0,0.0
EMN,2020-09-03,0.0,0.0
EMN,2020-12-03,0.0,0.0
EMN,2021-03-03,0.0,0.0
EMN,2021-06-03,0.0,0.0
EMN,2021-07-03,0.0,0.0
EMN,2021-09-03,0.0,0.0
EMN,2023-03-03,0.0,0.0
EMN,2023-09-03,0.0,0.0
EMN,2024-04-03,0.0,0.0
EMN,2024-06-03,0.0,0.0
EMN,2024-07-03,0.0,0.0
EMN,2024-12-03,0.0,0.0
EMN,2025-01-03,0.0,0.0
EMN,2025-03-03,0.0,0.0
EMN,2025-04-03,0.0,0.0
EMN,2025-09-03,0.3333333333333333,251541.66666666666
EMN,2026-06-03,0.3333333333333333,251541.66666666666
EMN,2026-09-03,0.3333333333333333,251541.66666666666
EMR,2019-07-03,0.0,0.0
EMR,2019-12-03,0.0,0.0
EMR,2020-01-03,0.0,0.0
EMR,2020-04-03,0.0,0.0
EMR,2020-07-03,0.0,0.0
EMR,2020-08-03,0.0,0.0
EMR,2020-12-03,0.0,0.0
EMR,2021-09-03,0.0,0.0
EMR,2022-12-03,0.0,0.0
EMR,2023-07-03,0.0,0.0
EMR,2023-10-03,0.0,0.0
EMR,2023-12-03,0.3333333333333333,293987.6666666667
EMR,2024-01-03,0.3333333333333333,293987.6666666667
EMR,2024-03-03,0.3333333333333333,293987.6666666667
EMR,2024-04-03,0.0,0.0
EMR,2024-12-03,0.0,0.0
EMR,2025-03-03,0.0,0.0
EMR,2025-06-03,0.0,0.0
EMR,2026-01-03,0.0,0.0
EMR,2026-03-03,0.0,0.0
EMR,2026-04-03,0.0,0.0
EMR,2026-07-03,0.0,0.0
EMR,2026-09-03,0.0,0.0
EPC,2019-06-03,1.0,297600.0
EPC,2019-09-03,0.5,148800.0
EPC,2019-10-03,0.3333333333333333,99200.0
EPC,2020-12-03,0.0,0.0
EPC,2021-12-03,0.0,0.0
EPC,2022-01-03,0.0,0.0
EPC,2022-11-03,0.0,0.0
EPC,2023-01-03,0.0,0.0
EPC,2023-06-03,0.0,0.0
EPC,2023-07-03,0.0,0.0
EPC,2025-01-03,0.0,0.0
EPC,2025-12-03,0.0,0.0
EYE,2019-02-03,0.0,0.0
EYE,2019-03-03,0.0,0.0
EYE,2019-04-03,0.0,0.0
EYE,2019-05-03,0.0,0.0
EYE,2019-06-03,0.0,0.0
EYE,2019-07-03,0.0,0.0
EYE,2019-09-03,0.0,0.0
EYE,2019-12-03,0.0,0.0
EYE,2020-01-03,0.0,0.0
EYE,2020-02-03,0.0,0.0
EYE,2020-10-03,0.0,0.0
EYE,2020-12-03,0.0,0.0
EYE,2021-06-03,0.0,0.0
EYE,2021-08-03,0.0,0.0
EYE,2021-09-03,0.0,0.0
EYE,2023-02-03,0.0,0.0
EYE,2023-06-03,0.3333333333333333,100200.33333333333
EYE,2024-06-03,0.3333333333333333,100200.33333333333
EYE,2024-09-03,0.3333333333333333,100200.33333333333
EYE,2025-04-03,0.0,0.0
EYE,2025-06-03,0.0,0.0
EYE,2025-09-03,0.0,0.0
EYE,2025-10-03,0.0,0.0
EYE,2026-04-03,0.0,0.0
EYE,2026-07-03,0.0,0.0
FHB,2019-03-03,0.0,0.0
FHB,2019-04-03,0.5,64699.0
FHB,2020-03-03,0.3333333333333333,43132.666666666664
FHB,2020-06-03,0.6666666666666666,59802.0
FHB,2020-09-03,0.3333333333333333,16669.333333333332
FHB,2020-12-03,0.3333333333333333,16669.333333333332
FHB,2021-12-03,0.0,0.0
FHB,2023-04-03,0.3333333333333333,169262.0
FHB,2024-01-03,0.3333333333333333,169262.0
FHB,2026-01-03,0.3333333333333333,169262.0
FHB,2026-03-03,0.0,0.0
FMC,2019-03-03,0.0,0.0
FMC,2019-06-03,0.0,0.0
FMC,2019-07-03,0.0,0.0
FMC,2019-09-03,0.0,0.0
FMC,2019-10-03,0.0,0.0
FMC,2019-12-03,0.0,0.0
FMC,2020-01-03,0.0,0.0
FMC,2020-03-03,0.0,0.0
FMC,2020-04-03,0.0,0.0
FMC,2020-07-03,0.0,0.0
FMC,2020-09-03,0.0,0.0
FMC,2020-12-03,0.0,0.0
FMC,2021-01-03,0.0,0.0
FMC,2021-04-03,0.0,0.0
FMC,2021-09-03,0.3333333333333333,33208.0
FMC,2021-10-03,0.6666666666666666,73935.33333333333
FMC,2021-12-03,0.6666666666666666,73935.33333333333
FMC,2022-12-03,0.3333333333333333,40727.333333333336
FMC,2023-01-03,0.0,0.0
FMC,2023-04-03,0.0,0.0
FMC,2023-06-03,0.3333333333333333,158700.66666666666
FMC,2023-10-03,0.3333333333333333,158700.66666666666
FMC,2023-12-03,0.3333333333333333,158700.66666666666
FMC,2024-04-03,0.3333333333333333,42441.0
FMC,2024-08-03,0.3333333333333333,42441.0
FMC,2024-12-03,0.3333333333333333,42441.0
FMC,2025-02-03,0.0,0.0
FMC,2025-04-03,0.3333333333333333,646149.6666666666
FMC,2025-09-03,0.3333333333333333,646149.6666666666
FMC,2025-10-03,0.3333333333333333,646149.6666666666
FMC,2025-12-03,0.0,0.0
FMC,2026-04-03,0.0,0.0
FRPT,2019-04-03,0.0,0.0
FRPT,2019-07-03,0.0,0.0
FRPT,2019-09-03,0.0,0.0
FRPT,2019-12-03,0.0,0.0
FRPT,2020-01-03,0.0,0.0
FRPT,2020-03-03,0.0,0.0
FRPT,2020-04-03,0.0,0.0
FRPT,2020-06-03,0.0,0.0
FRPT,2020-07-03,0.0,0.0
FRPT,2020-09-03,0.0,0.0
FRPT,2020-10-03,0.0,0.0
FRPT,2020-12-03,0.0,0.0
FRPT,2021-01-03,0.0,0.0
FRPT,2021-04-03,0.0,0.0
FRPT,2021-05-03,0.0,0.0
FRPT,2021-06-03,0.0,0.0
FRPT,2021-07-03,0.0,0.0
FRPT,2021-08-03,0.0,0.0
FRPT,2021-09-03,0.0,0.0
FRPT,2021-10-03,0.0,0.0
FRPT,2021-12-03,0.3333333333333333,66640.33333333333
FRPT,2022-01-03,0.3333333333333333,66640.33333333333
FRPT,2023-06-03,0.3333333333333333,66640.33333333333
FRPT,2023-09-03,0.0,0.0
FRPT,2024-01-03,0.0,0.0
FRPT,2024-03-03,0.0,0.0
FRPT,2024-04-03,0.0,0.0
FRPT,2024-05-03,0.0,0.0
FRPT,2024-06-03,0.0,0.0
FRPT,2024-07-03,0.0,0.0
FRPT,2024-10-03,0.0,0.0
FRPT,2024-12-03,0.0,0.0
FRPT,2025-01-03,0.0,0.0
FRPT,2025-03-03,0.0,0.0
FRPT,2025-04-03,0.0,0.0
FRPT,2025-10-03,0.0,0.0
FRPT,2025-12-03,0.0,0.0
FRPT,2026-01-03,0.0,0.0
FRPT,2026-03-03,0.0,0.0
FRPT,2026-06-03,0.0,0.0
FRPT,2026-09-03,0.0,0.0
GE,2019-04-03,0.0,0.0
GE,2019-06-03,0.0,0.0
GE,2019-09-03,0.3333333333333333,999474.3333333334
GE,2020-06-03,0.3333333333333333,999474.3333333334
GE,2020-09-03,0.3333333333333333,999474.3333333334
GE,2021-04-03,0.0,0.0
GE,2021-12-03,0.0,0.0
GE,2023-06-03,0.0,0.0
GE,2023-08-03,0.0,0.0
GE,2024-03-03,0.0,0.0
GE,2024-06-03,0.0,0.0
GE,2024-12-03,0.0,0.0
GE,2025-02-03,0.0,0.0
GE,2025-03-03,0.0,0.0
GE,2025-04-03,0.0,0.0
GE,2025-05-03,0.0,0.0
GE,2025-06-03,0.0,0.0
GE,2025-09-03,0.0,0.0
GE,2025-12-03,0.0,0.0
GE,2026-03-03,0.0,0.0
GE,2026-08-03,0.0,0.0
GE,2026-09-03,0.0,0.0
GPOR,2019-04-03,1.0,80600.0
GPOR,2019-10-03,0.5,40300.0
GPOR,2020-05-03,0.3333333333333333,26866.666666666668
GPOR,2020-11-03,0.0,0.0
GPOR,2021-07-03,0.0,0.0
GPOR,2021-10-03,0.0,0.0
GPOR,2022-01-03,0.0,0.0
GPOR,2023-07-03,0.0,0.0
GPOR,2023-09-03,0.0,0.0
GPOR,2023-10-03,0.0,0.0
GPOR,2024-01-03,0.0,0.0
GPOR,2024-02-03,0.0,0.0
GPOR,2024-04-03,0.0,0.0
GPOR,2024-06-03,0.0,0.0
GPOR,2024-09-03,0.0,0.0
GPOR,2024-10-03,0.0,0.0
GPOR,2024-12-03,0.0,0.0
GPOR,2025-01-03,0.0,0.0
GPOR,2025-02-03,0.0,0.0
GPOR,2025-04-03,0.0,0.0
GPOR,2025-06-03,0.0,0.0
GPOR,2025-07-03,0.0,0.0
GPOR,2025-10-03,0.0,0.0
GPOR,2025-12-03,0.0,0.0
GPOR,2026-01-03,0.0,0.0
GPOR,2026-02-03,0.0,0.0
GPOR,2026-04-03,0.0,0.0
GPOR,2026-05-03,0.0,0.0
GPOR,2026-09-03,0.3333333333333333,85658.66666666667
GPOR,2026-10-03,0.3333333333333333,85658.66666666667
GSHD,2020-01-03,0.0,0.0
GSHD,2020-02-03,0.0,0.0
GSHD,2020-03-03,0.0,0.0
GSHD,2020-04-03,0.0,0.0
GSHD,2020-05-03,0.0,0.0
GSHD,2020-06-03,0.0,0.0
GSHD,2020-07-03,0.0,0.0
GSHD,2020-08-03,0.0,0.0
GSHD,2020-09-03,0.0,0.0
GSHD,2020-10-03,0.0,0.0
GSHD,2020-11-03,0.0,0.0
GSHD,2020-12-03,0.0,0.0
GSHD,2021-01-03,0.0,0.0
GSHD,2021-02-03,0.0,0.0
GSHD,2021-03-03,0.0,0.0
GSHD,2021-04-03,0.0,0.0
GSHD,2021-05-03,0.0,0.0
GSHD,2021-06-03,0.0,0.0
GSHD,2021-07-03,0.0,0.0
GSHD,2021-08-03,0.0,0.0
GSHD,2021-09-03,0.0,0.0
GSHD,2021-10-03,0.0,0.0
GSHD,2021-12-03,0.0,0.0
GSHD,2022-01-03,0.0,0.0
GSHD,2022-12-03,0.3333333333333333,106697.33333333333
GSHD,2023-01-03,0.3333333333333333,106697.33333333333
GSHD,2023-03-03,0.3333333333333333,106697.33333333333
GSHD,2023-04-03,0.0,0.0
GSHD,2023-05-03,0.0,0.0
GSHD,2023-06-03,0.0,0.0
GSHD,2023-07-03,0.0,0.0
GSHD,2023-09-03,0.0,0.0
GSHD,2023-10-03,0.0,0.0
GSHD,2023-12-03,0.0,0.0
GSHD,2024-01-03,0.0,0.0
GSHD,2024-03-03,0.3333333333333333,33238.0
GSHD,2024-04-03,0.3333333333333333,33238.0
GSHD,2024-05-03,0.3333333333333333,33238.0
GSHD,2024-09-03,0.0,0.0
GSHD,2024-10-03,0.0,0.0
GSHD,2024-11-03,0.0,0.0
GSHD,2024-12-03,0.0,0.0
GSHD,2025-04-03,0.3333333333333333,39733.333333333336
GSHD,2025-06-03,0.3333333333333333,39733.333333333336
GSHD,2025-08-03,0.3333333333333333,39733.333333333336
GSHD,2025-09-03,0.0,0.0
GSHD,2025-11-03,0.0,0.0
GSHD,2025-12-03,0.0,0.0
GSHD,2026-01-03,0.3333333333333333,120566.66666666667
GSHD,2026-03-03,0.3333333333333333,120566.66666666667
GSHD,2026-05-03,0.3333333333333333,120566.66666666667
GSHD,2026-06-03,0.3333333333333333,57883.333333333336
GSHD,2026-07-03,0.3333333333333333,57883.333333333336
GSHD,2026-08-03,0.3333333333333333,57883.333333333336
GSHD,2026-09-03,0.0,0.0
HAYW,2021-04-03,1.0,246500.0
HAYW,2021-05-03,0.5,123250.0
HAYW,2021-10-03,0.3333333333333333,82166.66666666667
HAYW,2021-11-03,0.0,0.0
HAYW,2021-12-03,0.0,0.0
HAYW,2022-01-03,0.0,0.0
HAYW,2022-12-03,0.0,0.0
HAYW,2023-02-03,0.0,0.0
HAYW,2023-03-03,0.0,0.0
HAYW,2023-04-03,0.0,0.0
HAYW,2023-06-03,0.0,0.0
HAYW,2023-07-03,0.0,0.0
HAYW,2023-08-03,0.0,0.0
HAYW,2023-09-03,0.0,0.0
HAYW,2023-11-03,0.0,0.0
HAYW,2024-04-03,0.0,0.0
HAYW,2024-05-03,0.0,0.0
HAYW,2024-06-03,0.0,0.0
HAYW,2024-07-03,0.0,0.0
HAYW,2024-08-03,0.0,0.0
HAYW,2024-09-03,0.0,0.0
HAYW,2024-10-03,0.0,0.0
HAYW,2024-12-03,0.0,0.0
HAYW,2025-01-03,0.0,0.0
HAYW,2025-02-03,0.0,0.0
HAYW,2025-03-03,0.0,0.0
HAYW,2025-04-03,0.0,0.0
HAYW,2025-05-03,0.0,0.0
HAYW,2025-06-03,0.0,0.0
HAYW,2025-07-03,0.0,0.0
HAYW,2025-08-03,0.0,0.0
HAYW,2025-09-03,0.0,0.0
HAYW,2025-10-03,0.0,0.0
HAYW,2025-11-03,0.0,0.0
HAYW,2025-12-03,0.0,0.0
HAYW,2026-01-03,0.0,0.0
HAYW,2026-02-03,0.0,0.0
HAYW,2026-03-03,0.0,0.0
HAYW,2026-04-03,0.0,0.0
HAYW,2026-05-03,0.0,0.0
HAYW,2026-06-03,0.0,0.0
HAYW,2026-07-03,0.0,0.0
HAYW,2026-08-03,0.0,0.0
HAYW,2026-09-03,0.0,0.0
HAYW,2026-10-03,0.0,0.0
HLIT,2019-09-03,0.0,0.0
HLIT,2020-01-03,0.0,0.0
HLIT,2020-03-03,0.0,0.0
HLIT,2020-10-03,0.0,0.0
HLIT,2020-11-03,0.0,0.0
HLIT,2020-12-03,0.0,0.0
HLIT,2021-01-03,0.0,0.0
HLIT,2021-02-03,0.0,0.0
HLIT,2021-03-03,0.0,0.0
HLIT,2021-05-03,0.0,0.0
HLIT,2021-09-03,0.0,0.0
HLIT,2021-10-03,0.0,0.0
HLIT,2021-12-03,0.0,0.0
HLIT,2022-10-03,0.0,0.0
HLIT,2022-12-03,0.0,0.0
HLIT,2023-01-03,0.0,0.0
HLIT,2024-04-03,0.0,0.0
HLIT,2024-06-03,0.0,0.0
HLIT,2024-09-03,0.0,0.0
HLIT,2025-03-03,0.3333333333333333,62780.333333333336
HLIT,2025-07-03,0.3333333333333333,62780.333333333336
HLIT,2025-09-03,0.3333333333333333,62780.333333333336
HLIT,2026-01-03,0.0,0.0
HLIT,2026-06-03,0.0,0.0
HUBG,2019-09-03,0.0,0.0
HUBG,2020-09-03,0.0,0.0
HUBG,2021-01-03,0.0,0.0
HUBG,2021-04-03,0.0,0.0
HUBG,2022-10-03,0.3333333333333333,1640608.6666666667
HUBG,2026-01-03,0.3333333333333333,1640608.6666666667
INTC,2019-02-03,0.0,0.0
INTC,2019-03-03,0.0,0.0
INTC,2019-04-03,0.0,0.0
INTC,2019-05-03,0.0,0.0
INTC,2019-06-03,0.0,0.0
INTC,2019-07-03,0.0,0.0
INTC,2019-08-03,0.0,0.0
INTC,2019-09-03,0.3333333333333333,249461.33333333334
INTC,2019-10-03,0.3333333333333333,249461.33333333334
INTC,2019-11-03,0.3333333333333333,249461.33333333334
INTC,2019-12-03,0.0,0.0
INTC,2020-01-03,0.0,0.0
INTC,2020-02-03,0.0,0.0
INTC,2020-03-03,0.0,0.0
INTC,2020-04-03,0.0,0.0
INTC,2020-05-03,0.0,0.0
INTC,2020-06-03,0.0,0.0
INTC,2020-08-03,0.0,0.0
INTC,2020-09-03,0.0,0.0
INTC,2020-10-03,0.0,0.0
INTC,2020-11-03,0.0,0.0
INTC,2020-12-03,0.0,0.0
INTC,2021-02-03,0.3333333333333333,167772.33333333334
INTC,2021-03-03,0.3333333333333333,167772.33333333334
INTC,2021-06-03,0.3333333333333333,167772.33333333334
INTC,2021-07-03,0.0,0.0
INTC,2021-09-03,0.0,0.0
INTC,2021-10-03,0.0,0.0
INTC,2021-11-03,0.3333333333333333,166466.0
INTC,2021-12-03,0.3333333333333333,166466.0
INTC,2022-01-03,0.3333333333333333,166466.0
INTC,2022-12-03,0.3333333333333333,82882.33333333333
INTC,2023-03-03,0.6666666666666666,166678.66666666666
INTC,2023-06-03,0.6666666666666666,166678.66666666666
INTC,2023-09-03,0.3333333333333333,83796.33333333333
INTC,2023-12-03,0.0,0.0
INTC,2024-02-03,0.0,0.0
INTC,2024-03-03,0.0,0.0
INTC,2024-06-03,0.0,0.0
INTC,2024-09-03,0.0,0.0
INTC,2024-12-03,0.0,0.0
INTC,2026-02-03,0.3333333333333333,83328.33333333333
INTC,2026-03-03,0.3333333333333333,83328.33333333333
INTC,2026-06-03,0.3333333333333333,83328.33333333333
INTC,2026-07-03,0.0,0.0
INTC,2026-09-03,0.3333333333333333,3333328.3333333335
IRDM,2019-02-03,0.0,0.0
IRDM,2019-03-03,0.0,0.0
IRDM,2019-04-03,0.0,0.0
IRDM,2019-05-03,0.0,0.0
IRDM,2019-06-03,0.0,0.0
IRDM,2019-12-03,0.0,0.0
IRDM,2020-02-03,0.0,0.0
IRDM,2020-03-03,0.0,0.0
IRDM,2020-04-03,0.0,0.0
IRDM,2020-06-03,0.0,0.0
IRDM,2020-07-03,0.0,0.0
IRDM,2020-08-03,0.0,0.0
IRDM,2020-09-03,0.0,0.0
IRDM,2020-10-03,0.0,0.0
IRDM,2020-11-03,0.0,0.0
IRDM,2020-12-03,0.0,0.0
IRDM,2021-01-03,0.0,0.0
IRDM,2021-03-03,0.0,0.0
IRDM,2021-04-03,0.0,0.0
IRDM,2021-07-03,0.0,0.0
IRDM,2021-08-03,0.0,0.0
IRDM,2021-09-03,0.0,0.0
IRDM,2021-10-03,0.0,0.0
IRDM,2022-10-03,0.0,0.0
IRDM,2022-11-03,0.0,0.0
IRDM,2022-12-03,0.0,0.0
IRDM,2023-02-03,0.0,0.0
IRDM,2023-03-03,0.0,0.0
IRDM,2023-04-03,0.0,0.0
IRDM,2023-05-03,0.0,0.0
IRDM,2023-06-03,0.0,0.0
IRDM,2023-12-03,0.3333333333333333,345426.6666666667
IRDM,2024-04-03,0.3333333333333333,345426.6666666667
IRDM,2024-11-03,0.3333333333333333,345426.6666666667
IRDM,2024-12-03,0.0,0.0
IRDM,2025-02-03,0.0,0.0
IRDM,2025-03-03,0.0,0.0
IRDM,2025-07-03,0.0,0.0
IRDM,2025-11-03,0.0,0.0
IRDM,2025-12-03,0.3333333333333333,115533.33333333333
IRDM,2026-05-03,0.3333333333333333,115533.33333333333
IRDM,2026-09-03,0.3333333333333333,115533.33333333333
IRDM,2026-10-03,0.0,0.0
JOE,2019-06-03,0.0,0.0
JOE,2019-07-03,0.0,0.0
JOE,2019-09-03,0.0,0.0
JOE,2020-04-03,0.0,0.0
JOE,2021-04-03,0.0,0.0
JOE,2021-06-03,0.0,0.0
JOE,2023-03-03,0.0,0.0
JOE,2023-07-03,0.3333333333333333,18196.0
JOE,2023-09-03,0.3333333333333333,18196.0
JOE,2024-03-03,0.3333333333333333,18196.0
JOE,2024-04-03,0.0,0.0
JOE,2024-05-03,0.0,0.0
JOE,2024-06-03,0.0,0.0
JOE,2024-08-03,0.0,0.0
JOE,2024-09-03,0.0,0.0
JOE,2024-11-03,0.3333333333333333,29973.333333333332
JOE,2024-12-03,0.3333333333333333,29973.333333333332
JOE,2025-04-03,0.3333333333333333,29973.333333333332
JOE,2025-09-03,0.0,0.0
JOE,2025-10-03,0.0,0.0
JOE,2026-01-03,0.0,0.0
JOE,2026-02-03,0.0,0.0
JOE,2026-03-03,0.0,0.0
JOE,2026-04-03,0.0,0.0
JOE,2026-06-03,0.0,0.0
JOE,2026-07-03,0.0,0.0
JPM,2019-02-03,0.0,0.0
JPM,2019-03-03,0.0,0.0
JPM,2019-05-03,0.0,0.0
JPM,2019-08-03,0.0,0.0
JPM,2019-09-03,0.0,0.0
JPM,2019-11-03,0.0,0.0
JPM,2019-12-03,0.0,0.0
JPM,2020-02-03,0.3333333333333333,1700000.0
JPM,2020-03-03,0.3333333333333333,1700000.0
JPM,2020-05-03,0.3333333333333333,1700000.0
JPM,2020-08-03,0.0,0.0
JPM,2020-11-03,0.0,0.0
JPM,2020-12-03,0.0,0.0
JPM,2021-02-03,0.0,0.0
JPM,2021-05-03,0.0,0.0
JPM,2021-08-03,0.0,0.0
JPM,2021-11-03,0.0,0.0
JPM,2022-11-03,0.0,0.0
JPM,2022-12-03,0.0,0.0
JPM,2023-02-03,0.0,0.0
JPM,2023-06-03,0.0,0.0
JPM,2023-07-03,0.0,0.0
JPM,2023-09-03,0.0,0.0
JPM,2023-10-03,0.0,0.0
JPM,2024-01-03,0.0,0.0
JPM,2024-02-03,0.0,0.0
JPM,2024-03-03,0.0,0.0
JPM,2024-04-03,0.0,0.0
JPM,2024-05-03,0.0,0.0
JPM,2024-06-03,0.0,0.0
JPM,2024-07-03,0.0,0.0
JPM,2025-02-03,0.0,0.0
JPM,2025-03-03,0.0,0.0
JPM,2025-04-03,0.0,0.0
JPM,2025-05-03,0.0,0.0
JPM,2025-06-03,0.0,0.0
JPM,2025-07-03,0.0,0.0
JPM,2025-10-03,0.0,0.0
JPM,2025-12-03,0.0,0.0
JPM,2026-02-03,0.0,0.0
JPM,2026-03-03,0.0,0.0
JPM,2026-04-03,0.0,0.0
JPM,2026-05-03,0.0,0.0
JPM,2026-06-03,0.0,0.0
JPM,2026-07-03,0.0,0.0
JPM,2026-09-03,0.0,0.0
KDP,2019-04-03,0.0,0.0
KDP,2019-06-03,0.0,0.0
KDP,2019-09-03,0.0,0.0
KDP,2019-10-03,0.0,0.0
KDP,2019-11-03,0.0,0.0
KDP,2019-12-03,0.0,0.0
KDP,2020-01-03,0.0,0.0
KDP,2020-04-03,0.0,0.0
KDP,2020-06-03,0.0,0.0
KDP,2020-07-03,0.0,0.0
KDP,2020-09-03,0.0,0.0
KDP,2020-10-03,0.0,0.0
KDP,2020-12-03,0.0,0.0
KDP,2021-01-03,0.0,0.0
KDP,2021-03-03,0.0,0.0
KDP,2021-04-03,0.0,0.0
KDP,2021-06-03,0.0,0.0
KDP,2021-07-03,0.0,0.0
KDP,2021-09-03,0.0,0.0
KDP,2021-10-03,0.0,0.0
KDP,2021-12-03,0.0,0.0
KDP,2022-01-03,0.0,0.0
KDP,2022-10-03,0.0,0.0
KDP,2022-11-03,0.0,0.0
KDP,2022-12-03,0.0,0.0
KDP,2023-01-03,0.0,0.0
KDP,2023-02-03,0.3333333333333333,116666.66666666667
KDP,2023-04-03,0.3333333333333333,116666.66666666667
KDP,2023-06-03,0.6666666666666666,171837.0
KDP,2023-09-03,0.3333333333333333,55170.333333333336
KDP,2023-10-03,0.3333333333333333,55170.333333333336
KDP,2023-11-03,0.0,0.0
KDP,2023-12-03,0.3333333333333333,1039133.3333333334
KDP,2024-01-03,0.3333333333333333,1039133.3333333334
KDP,2024-04-03,0.6666666666666666,2705797.0
KDP,2024-05-03,0.3333333333333333,1666663.6666666667
KDP,2024-06-03,0.3333333333333333,1666663.6666666667
KDP,2024-11-03,0.0,0.0
KDP,2025-02-03,0.0,0.0
KDP,2025-03-03,0.0,0.0
KDP,2025-04-03,0.0,0.0
KDP,2025-05-03,0.0,0.0
KDP,2025-06-03,0.0,0.0
KDP,2025-07-03,0.0,0.0
KDP,2025-08-03,0.0,0.0
KDP,2025-09-03,0.0,0.0
KDP,2025-10-03,0.0,0.0
KDP,2026-01-03,0.0,0.0
KDP,2026-09-03,0.0,0.0
KDP,2026-10-03,0.0,0.0
KHC,2019-10-03,0.0,0.0
KHC,2020-12-03,0.0,0.0
KHC,2021-01-03,0.0,0.0
KHC,2021-06-03,0.0,0.0
KHC,2021-09-03,0.0,0.0
KHC,2021-10-03,0.0,0.0
KHC,2021-12-03,0.0,0.0
KHC,2022-01-03,0.0,0.0
KHC,2023-01-03,0.0,0.0
KHC,2023-02-03,0.0,0.0
KHC,2023-03-03,0.0,0.0
KHC,2023-06-03,0.0,0.0
KHC,2023-09-03,0.0,0.0
KHC,2023-12-03,0.0,0.0
KHC,2024-02-03,0.0,0.0
KHC,2024-04-03,0.0,0.0
KHC,2024-06-03,0.0,0.0
KHC,2024-07-03,0.0,0.0
KHC,2024-09-03,0.0,0.0
KHC,2024-12-03,0.0,0.0
KHC,2025-04-03,0.0,0.0
KHC,2025-07-03,0.0,0.0
KHC,2025-08-03,0.0,0.0
KHC,2026-01-03,0.0,0.0
KHC,2026-04-03,0.0,0.0
KHC,2026-06-03,0.3333333333333333,1666602.6666666667
KHC,2026-07-03,0.3333333333333333,1666602.6666666667
KMT,2019-03-03,0.0,0.0
KMT,2019-07-03,0.0,0.0
KMT,2019-10-03,0.0,0.0
KMT,2019-12-03,0.0,0.0
KMT,2020-06-03,0.0,0.0
KMT,2020-07-03,0.0,0.0
KMT,2020-12-03,0.0,0.0
KMT,2021-04-03,0.0,0.0
KMT,2023-01-03,0.0,0.0
KMT,2023-03-03,0.0,0.0
KMT,2023-04-03,0.0,0.0
KMT,2023-10-03,0.0,0.0
KMT,2024-01-03,0.0,0.0
KMT,2024-04-03,0.0,0.0
KMT,2024-06-03,0.0,0.0
KMT,2024-07-03,0.3333333333333333,40467.666666666664
KMT,2024-12-03,0.3333333333333333,40467.666666666664
KMT,2025-01-03,0.3333333333333333,40467.666666666664
KMT,2025-03-03,0.0,0.0
KMT,2026-03-03,0.0,0.0
KMT,2026-04-03,0.0,0.0
KMT,2026-07-03,0.0,0.0
KMT,2026-10-03,0.0,0.0
KSS,2020-04-03,0.0,0.0
KSS,2020-05-03,0.0,0.0
KSS,2023-04-03,0.3333333333333333,672783.3333333334
KSS,2024-11-03,0.3333333333333333,672783.3333333334
KSS,2025-02-03,0.3333333333333333,672783.3333333334
KSS,2025-08-03,0.0,0.0
KSS,2026-01-03,0.0,0.0
KSS,2026-04-03,0.0,0.0
KSS,2026-05-03,0.0,0.0
KSS,2026-08-03,0.0,0.0
KSS,2026-09-03,0.0,0.0
LEG,2019-03-03,0.0,0.0
LEG,2019-09-03,0.0,0.0
LEG,2019-10-03,0.0,0.0
LEG,2019-11-03,0.0,0.0
LEG,2019-12-03,0.0,0.0
LEG,2020-01-03,0.0,0.0
LEG,2021-01-03,0.0,0.0
LEG,2021-03-03,0.0,0.0
LEG,2021-06-03,0.0,0.0
LEG,2023-04-03,0.0,0.0
LEG,2023-06-03,0.0,0.0
LEG,2024-06-03,0.0,0.0
LEG,2024-07-03,0.3333333333333333,91049.33333333333
LIN,2019-03-03,0.0,0.0
LIN,2019-04-03,0.0,0.0
LIN,2019-05-03,0.0,0.0
LIN,2019-06-03,0.0,0.0
LIN,2019-07-03,0.0,0.0
LIN,2019-09-03,0.0,0.0
LIN,2019-12-03,0.0,0.0
LIN,2020-01-03,0.0,0.0
LIN,2020-03-03,0.0,0.0
LIN,2020-04-03,0.3333333333333333,175927.0
LIN,2020-06-03,0.3333333333333333,175927.0
LIN,2020-07-03,0.3333333333333333,175927.0
LIN,2020-09-03,0.0,0.0
LIN,2020-12-03,0.0,0.0
LIN,2021-03-03,0.0,0.0
LIN,2021-04-03,0.0,0.0
LIN,2021-06-03,0.0,0.0
LIN,2021-12-03,0.0,0.0
LIN,2022-12-03,0.0,0.0
LIN,2023-04-03,0.0,0.0
LIN,2023-06-03,0.0,0.0
LIN,2023-07-03,0.0,0.0
LIN,2023-09-03,0.0,0.0
LIN,2023-10-03,0.0,0.0
LIN,2024-03-03,0.0,0.0
LIN,2024-04-03,0.0,0.0
LIN,2024-09-03,0.0,0.0
LIN,2024-10-03,0.0,0.0
LIN,2025-01-03,0.0,0.0
LIN,2025-03-03,0.0,0.0
LIN,2025-04-03,0.0,0.0
LIN,2025-06-03,0.0,0.0
LIN,2025-09-03,0.0,0.0
LIN,2026-01-03,0.3333333333333333,333211.3333333333
LIN,2026-03-03,0.3333333333333333,333211.3333333333
LIN,2026-04-03,0.3333333333333333,333211.3333333333
LIN,2026-06-03,0.0,0.0
LIN,2026-09-03,0.0,0.0
LLY,2019-02-03,0.0,0.0
LLY,2019-03-03,0.0,0.0
LLY,2019-04-03,0.0,0.0
LLY,2019-05-03,0.0,0.0
LLY,2019-06-03,0.0,0.0
LLY,2019-07-03,0.3333333333333333,16760.333333333332
LLY,2019-08-03,0.3333333333333333,16760.333333333332
LLY,2019-10-03,0.3333333333333333,16760.333333333332
LLY,2019-11-03,0.3333333333333333,166724.66666666666
LLY,2019-12-03,0.3333333333333333,166724.66666666666
LLY,2020-01-03,0.3333333333333333,166724.66666666666
LLY,2020-02-03,0.0,0.0
LLY,2020-03-03,0.0,0.0
LLY,2020-04-03,0.0,0.0
LLY,2020-05-03,0.0,0.0
LLY,2020-07-03,0.0,0.0
LLY,2020-08-03,0.0,0.0
LLY,2020-09-03,0.0,0.0
LLY,2020-10-03,0.0,0.0
LLY,2020-11-03,0.0,0.0
LLY,2021-02-03,0.0,0.0
LLY,2021-04-03,0.0,0.0
LLY,2021-05-03,0.0,0.0
LLY,2021-06-03,0.0,0.0
LLY,2021-07-03,0.0,0.0
LLY,2021-08-03,0.0,0.0
LLY,2021-09-03,0.0,0.0
LLY,2021-11-03,0.0,0.0
LLY,2021-12-03,0.0,0.0
LLY,2022-01-03,0.0,0.0
LLY,2022-10-03,0.0,0.0
LLY,2022-11-03,0.0,0.0
LLY,2022-12-03,0.0,0.0
LLY,2023-01-03,0.0,0.0
LLY,2023-03-03,0.0,0.0
LLY,2023-04-03,0.0,0.0
LLY,2023-05-03,0.0,0.0
LLY,2023-06-03,0.0,0.0
LLY,2023-07-03,0.0,0.0
LLY,2023-08-03,0.0,0.0
LLY,2023-09-03,0.0,0.0
LLY,2023-10-03,0.0,0.0
LLY,2023-11-03,0.0,0.0
LLY,2023-12-03,0.0,0.0
LLY,2024-02-03,0.0,0.0
LLY,2024-03-03,0.0,0.0
LLY,2024-04-03,0.0,0.0
LLY,2024-06-03,0.0,0.0
LLY,2024-07-03,0.0,0.0
LLY,2024-08-03,0.0,0.0
LLY,2024-09-03,0.0,0.0
LLY,2024-10-03,0.0,0.0
LLY,2024-12-03,0.0,0.0
LLY,2025-03-03,0.0,0.0
LLY,2025-04-03,0.0,0.0
LLY,2025-06-03,0.0,0.0
LLY,2025-08-03,0.0,0.0
LLY,2025-09-03,0.3333333333333333,515630.0
LLY,2025-10-03,0.3333333333333333,515630.0
LLY,2025-11-03,0.3333333333333333,515630.0
LLY,2025-12-03,0.0,0.0
LLY,2026-01-03,0.0,0.0
LLY,2026-02-03,0.0,0.0
LLY,2026-06-03,0.0,0.0
LLY,2026-07-03,0.0,0.0
LLY,2026-09-03,0.0,0.0
LOW,2019-06-03,1.0,950538.0
LOW,2019-07-03,0.5,475269.0
LOW,2019-10-03,0.3333333333333333,316846.0
LOW,2020-04-03,0.0,0.0
LOW,2020-09-03,0.0,0.0
LOW,2021-04-03,0.0,0.0
LOW,2021-07-03,0.0,0.0
LOW,2023-01-03,0.0,0.0
LOW,2023-04-03,0.0,0.0
LOW,2023-06-03,0.0,0.0
LOW,2023-09-03,0.0,0.0
LOW,2023-10-03,0.0,0.0
LOW,2024-04-03,0.0,0.0
LOW,2024-10-03,0.0,0.0
LOW,2024-11-03,0.0,0.0
LOW,2024-12-03,0.0,0.0
LOW,2025-01-03,0.0,0.0
LOW,2025-07-03,0.0,0.0
LOW,2025-09-03,0.0,0.0
LOW,2025-10-03,0.0,0.0
LOW,2025-12-03,0.0,0.0
LOW,2026-02-03,0.0,0.0
LOW,2026-04-03,0.0,0.0
LOW,2026-07-03,0.0,0.0
LTH,2021-11-03,0.0,0.0
LTH,2022-01-03,0.0,0.0
LTH,2022-11-03,0.0,0.0
LTH,2022-12-03,0.0,0.0
LTH,2023-01-03,0.0,0.0
LTH,2023-04-03,0.0,0.0
LTH,2023-05-03,0.0,0.0
LTH,2023-07-03,0.0,0.0
LTH,2023-09-03,0.3333333333333333,225023.33333333334
LTH,2023-11-03,0.3333333333333333,225023.33333333334
LTH,2023-12-03,0.3333333333333333,225023.33333333334
LTH,2024-03-03,0.0,0.0
LTH,2024-04-03,0.0,0.0
LTH,2024-07-03,0.0,0.0
LTH,2024-09-03,0.0,0.0
LTH,2024-11-03,0.0,0.0
LTH,2024-12-03,0.0,0.0
LTH,2025-02-03,0.0,0.0
LTH,2025-03-03,0.0,0.0
LTH,2025-04-03,0.0,0.0
LTH,2025-07-03,0.0,0.0
LTH,2025-09-03,0.0,0.0
LTH,2025-10-03,0.0,0.0
LTH,2025-11-03,0.0,0.0
LTH,2026-01-03,0.0,0.0
LTH,2026-02-03,0.0,0.0
LTH,2026-03-03,0.0,0.0
LTH,2026-04-03,0.0,0.0
LTH,2026-06-03,0.0,0.0
LTH,2026-07-03,0.0,0.0
LTH,2026-09-03,0.0,0.0
LTH,2026-10-03,0.0,0.0
LYFT,2019-05-03,0.0,0.0
LYFT,2019-09-03,0.0,0.0
LYFT,2019-10-03,0.0,0.0
LYFT,2019-11-03,0.0,0.0
LYFT,2019-12-03,0.0,0.0
LYFT,2020-01-03,0.0,0.0
LYFT,2020-02-03,0.0,0.0
LYFT,2020-03-03,0.3333333333333333,339365.3333333333
LYFT,2020-06-03,0.3333333333333333,339365.3333333333
LYFT,2020-09-03,0.3333333333333333,339365.3333333333
LYFT,2020-10-03,0.0,0.0
LYFT,2020-11-03,0.0,0.0
LYFT,2020-12-03,0.0,0.0
LYFT,2021-01-03,0.0,0.0
LYFT,2021-02-03,0.0,0.0
LYFT,2021-03-03,0.0,0.0
LYFT,2021-04-03,0.0,0.0
LYFT,2021-05-03,0.0,0.0
LYFT,2021-06-03,0.0,0.0
LYFT,2021-07-03,0.0,0.0
LYFT,2021-09-03,0.0,0.0
LYFT,2021-10-03,0.0,0.0
LYFT,2021-11-03,0.0,0.0
LYFT,2021-12-03,0.0,0.0
LYFT,2022-01-03,0.0,0.0
LYFT,2022-12-03,0.0,0.0
LYFT,2023-03-03,0.0,0.0
LYFT,2023-04-03,0.0,0.0
LYFT,2023-06-03,0.0,0.0
LYFT,2023-09-03,0.3333333333333333,382100.0
LYFT,2023-10-03,0.3333333333333333,382100.0
LYFT,2023-12-03,0.3333333333333333,382100.0
LYFT,2024-01-03,0.0,0.0
LYFT,2024-02-03,0.0,0.0
LYFT,2024-03-03,0.0,0.0
LYFT,2024-04-03,0.0,0.0
LYFT,2024-05-03,0.0,0.0
LYFT,2024-06-03,0.0,0.0
LYFT,2024-07-03,0.0,0.0
LYFT,2024-08-03,0.0,0.0
LYFT,2024-09-03,0.0,0.0
LYFT,2024-10-03,0.0,0.0
LYFT,2024-12-03,0.0,0.0
LYFT,2025-01-03,0.0,0.0
LYFT,2025-03-03,0.0,0.0
LYFT,2025-04-03,0.0,0.0
LYFT,2025-06-03,0.0,0.0
LYFT,2025-09-03,0.0,0.0
LYFT,2025-10-03,0.0,0.0
LYFT,2026-01-03,0.0,0.0
LYFT,2026-03-03,0.0,0.0
LYFT,2026-04-03,0.0,0.0
LYFT,2026-05-03,0.0,0.0
LYFT,2026-06-03,0.0,0.0
LYFT,2026-07-03,0.0,0.0
LYFT,2026-09-03,0.0,0.0
LYFT,2026-10-03,0.0,0.0
MAN,2019-03-03,0.0,0.0
MAN,2019-09-03,0.0,0.0
MAN,2019-11-03,0.0,0.0
MAN,2019-12-03,0.0,0.0
MAN,2020-01-03,0.0,0.0
MAN,2020-02-03,0.0,0.0
MAN,2020-03-03,0.0,0.0
MAN,2021-02-03,0.0,0.0
MAN,2021-03-03,0.0,0.0
MAN,2021-05-03,0.0,0.0
MAN,2021-12-03,0.0,0.0
MAN,2023-03-03,0.0,0.0
MAN,2023-08-03,0.0,0.0
MAN,2023-09-03,0.0,0.0
MAN,2023-12-03,0.0,0.0
MAN,2024-06-03,0.0,0.0
MAN,2024-11-03,0.3333333333333333,166080.0
MDT,2019-02-03,1.0,1260150.0
MDT,2019-06-03,0.5,630075.0
MDT,2019-07-03,0.3333333333333333,420050.0
MDT,2019-08-03,0.0,0.0
MDT,2019-09-03,0.0,0.0
MDT,2019-10-03,0.0,0.0
MDT,2019-12-03,0.0,0.0
MDT,2020-01-03,0.0,0.0
MDT,2020-03-03,0.3333333333333333,332362.3333333333
MDT,2020-07-03,0.3333333333333333,332362.3333333333
MDT,2020-10-03,0.3333333333333333,332362.3333333333
MDT,2020-11-03,0.0,0.0
MDT,2020-12-03,0.0,0.0
MDT,2021-01-03,0.0,0.0
MDT,2021-04-03,0.0,0.0
MDT,2021-05-03,0.0,0.0
MDT,2021-07-03,0.0,0.0
MDT,2021-09-03,0.0,0.0
MDT,2021-10-03,0.0,0.0
MDT,2021-11-03,0.0,0.0
MDT,2022-01-03,0.0,0.0
MDT,2022-11-03,0.0,0.0
MDT,2023-01-03,0.0,0.0
MDT,2023-08-03,0.0,0.0
MDT,2023-09-03,0.0,0.0
MDT,2024-01-03,0.0,0.0
MDT,2024-03-03,0.0,0.0
MDT,2024-05-03,0.0,0.0
MDT,2024-07-03,0.0,0.0
MDT,2025-02-03,0.0,0.0
MDT,2025-09-03,0.0,0.0
MDT,2025-10-03,0.0,0.0
MDT,2025-12-03,0.0,0.0
MDT,2026-03-03,0.0,0.0
MDT,2026-07-03,0.0,0.0
MDT,2026-08-03,0.0,0.0
GSAH,2020-08-03,0.0,0.0
MIR,2023-01-03,0.0,0.0
MIR,2023-04-03,0.0,0.0
MIR,2023-07-03,0.0,0.0
MIR,2024-04-03,0.0,0.0
MIR,2024-06-03,0.0,0.0
MIR,2024-07-03,0.0,0.0
MIR,2024-08-03,0.0,0.0
MIR,2024-09-03,0.0,0.0
MIR,2024-10-03,0.0,0.0
MIR,2024-11-03,0.0,0.0
MIR,2024-12-03,0.0,0.0
MIR,2025-01-03,0.0,0.0
MIR,2025-06-03,0.0,0.0
MIR,2025-07-03,0.0,0.0
MIR,2025-09-03,0.0,0.0
MIR,2025-12-03,0.0,0.0
MIR,2026-01-03,0.0,0.0
MIR,2026-06-03,0.0,0.0
MIR,2026-10-03,0.3333333333333333,104000.0
MTX,2019-04-03,0.0,0.0
MTX,2019-09-03,0.0,0.0
MTX,2019-10-03,0.3333333333333333,23994.666666666668
MTX,2020-01-03,0.3333333333333333,23994.666666666668
MTX,2020-04-03,0.3333333333333333,23994.666666666668
MTX,2020-12-03,0.0,0.0
MTX,2021-01-03,0.0,0.0
MTX,2021-03-03,0.0,0.0
MTX,2021-07-03,0.0,0.0
MTX,2021-12-03,0.0,0.0
MTX,2022-01-03,0.0,0.0
MTX,2022-10-03,0.0,0.0
MTX,2023-01-03,0.0,0.0
MTX,2023-04-03,0.0,0.0
MTX,2024-01-03,0.0,0.0
MTX,2024-03-03,0.0,0.0
MTX,2024-04-03,0.0,0.0
MTX,2024-06-03,0.0,0.0
MTX,2024-07-03,0.0,0.0
MTX,2025-06-03,0.3333333333333333,51163.333333333336
MTX,2025-07-03,0.3333333333333333,51163.333333333336
MTX,2025-12-03,0.3333333333333333,51163.333333333336
MTX,2026-01-03,0.0,0.0
MTX,2026-06-03,0.0,0.0
NEE,2019-02-03,0.0,0.0
NEE,2019-03-03,0.0,0.0
NEE,2019-04-03,0.0,0.0
NEE,2019-05-03,0.0,0.0
NEE,2019-06-03,0.0,0.0
NEE,2019-07-03,0.0,0.0
NEE,2019-08-03,0.0,0.0
NEE,2019-09-03,0.0,0.0
NEE,2019-10-03,0.0,0.0
NEE,2019-11-03,0.0,0.0
NEE,2020-01-03,0.0,0.0
NEE,2020-02-03,0.0,0.0
NEE,2020-03-03,0.0,0.0
NEE,2020-04-03,0.0,0.0
NEE,2020-05-03,0.0,0.0
NEE,2020-06-03,0.0,0.0
NEE,2020-07-03,0.0,0.0
NEE,2020-08-03,0.0,0.0
NEE,2020-10-03,0.0,0.0
NEE,2020-11-03,0.0,0.0
NEE,2020-12-03,0.0,0.0
NEE,2021-01-03,0.0,0.0
NEE,2021-04-03,0.0,0.0
NEE,2021-05-03,0.0,0.0
NEE,2021-06-03,0.0,0.0
NEE,2021-07-03,0.0,0.0
NEE,2021-09-03,0.0,0.0
NEE,2021-10-03,0.0,0.0
NEE,2021-12-03,0.0,0.0
NEE,2022-01-03,0.0,0.0
NEE,2022-10-03,0.0,0.0
NEE,2022-12-03,0.0,0.0
NEE,2023-01-03,0.0,0.0
NEE,2023-03-03,0.3333333333333333,398620.3333333333
NEE,2023-04-03,0.3333333333333333,398620.3333333333
NEE,2023-07-03,0.6666666666666666,735282.6666666666
NEE,2023-09-03,0.3333333333333333,336662.3333333333
NEE,2024-01-03,0.3333333333333333,336662.3333333333
NEE,2024-03-03,0.0,0.0
NEE,2024-04-03,0.0,0.0
NEE,2024-07-03,0.0,0.0
NEE,2024-09-03,0.0,0.0
NEE,2024-10-03,0.0,0.0
NEE,2024-12-03,0.0,0.0
NEE,2025-03-03,0.0,0.0
NEE,2025-06-03,0.0,0.0
NEE,2025-08-03,0.0,0.0
NEE,2025-10-03,0.0,0.0
NEE,2025-11-03,0.0,0.0
NEE,2025-12-03,0.0,0.0
NEE,2026-01-03,0.0,0.0
NEE,2026-02-03,0.0,0.0
NEE,2026-03-03,0.0,0.0
NEE,2026-04-03,0.0,0.0
NGVT,2019-03-03,0.0,0.0
NGVT,2019-04-03,0.0,0.0
NGVT,2020-03-03,0.3333333333333333,211109.0
NGVT,2020-04-03,0.3333333333333333,211109.0
NGVT,2020-09-03,0.3333333333333333,211109.0
NGVT,2021-06-03,0.0,0.0
NGVT,2021-12-03,0.0,0.0
NGVT,2023-01-03,0.0,0.0
NGVT,2023-04-03,0.0,0.0
NGVT,2026-07-03,0.0,0.0
NGVT,2026-09-03,0.0,0.0
NI,2019-09-03,0.0,0.0
NI,2020-04-03,0.0,0.0
NI,2020-10-03,0.0,0.0
NI,2020-12-03,0.0,0.0
NI,2021-01-03,0.0,0.0
NI,2021-04-03,0.0,0.0
NI,2021-06-03,0.0,0.0
NI,2021-07-03,0.0,0.0
NI,2021-08-03,0.0,0.0
NI,2021-09-03,0.0,0.0
NI,2023-04-03,0.0,0.0
NI,2023-06-03,0.0,0.0
NI,2023-09-03,0.3333333333333333,352533.3333333333
NI,2023-12-03,0.3333333333333333,352533.3333333333
NI,2024-04-03,0.3333333333333333,352533.3333333333
NI,2024-07-03,0.0,0.0
NI,2024-09-03,0.0,0.0
NI,2025-03-03,0.0,0.0
NI,2025-04-03,0.0,0.0
NI,2025-06-03,0.0,0.0
NI,2025-07-03,0.0,0.0
NI,2025-10-03,0.0,0.0
NI,2025-12-03,0.0,0.0
NI,2026-03-03,0.0,0.0
NI,2026-06-03,0.0,0.0
NI,2026-09-03,0.0,0.0
NPO,2019-04-03,0.0,0.0
NPO,2019-09-03,0.0,0.0
NPO,2020-04-03,0.0,0.0
NPO,2021-04-03,0.0,0.0
NPO,2021-06-03,0.0,0.0
NPO,2021-09-03,0.0,0.0
NPO,2021-12-03,0.0,0.0
NPO,2022-12-03,0.0,0.0
NPO,2023-03-03,0.0,0.0
NPO,2023-04-03,0.3333333333333333,24951.0
NPO,2023-09-03,0.3333333333333333,24951.0
NPO,2024-03-03,0.3333333333333333,24951.0
NPO,2024-04-03,0.0,0.0
NPO,2024-06-03,0.0,0.0
NPO,2024-09-03,0.0,0.0
NPO,2024-12-03,0.0,0.0
NPO,2025-03-03,0.0,0.0
NPO,2025-09-03,0.0,0.0
NPO,2025-12-03,0.0,0.0
NPO,2026-03-03,0.0,0.0
NPO,2026-04-03,0.0,0.0
NVDA,2019-02-03,0.0,0.0
NVDA,2019-04-03,0.0,0.0
NVDA,2019-05-03,0.0,0.0
NVDA,2019-07-03,0.0,0.0
NVDA,2019-08-03,0.0,0.0
NVDA,2019-09-03,0.0,0.0
NVDA,2019-10-03,0.0,0.0
NVDA,2019-12-03,0.0,0.0
NVDA,2020-01-03,0.0,0.0
NVDA,2020-02-03,0.0,0.0
NVDA,2020-03-03,0.0,0.0
NVDA,2020-04-03,0.0,0.0
NVDA,2020-05-03,0.0,0.0
NVDA,2020-06-03,0.0,0.0
NVDA,2020-07-03,0.0,0.0
NVDA,2020-08-03,0.0,0.0
NVDA,2020-09-03,0.0,0.0
NVDA,2020-10-03,0.0,0.0
NVDA,2020-11-03,0.0,0.0
NVDA,2021-01-03,0.3333333333333333,35796.333333333336
NVDA,2021-02-03,0.3333333333333333,35796.333333333336
NVDA,2021-04-03,0.3333333333333333,35796.333333333336
NVDA,2021-05-03,0.0,0.0
NVDA,2021-07-03,0.0,0.0
NVDA,2021-08-03,0.0,0.0
NVDA,2021-09-03,0.0,0.0
NVDA,2021-10-03,0.0,0.0
NVDA,2021-11-03,0.0,0.0
NVDA,2021-12-03,0.0,0.0
NVDA,2022-01-03,0.0,0.0
NVDA,2022-11-03,0.0,0.0
NVDA,2022-12-03,0.0,0.0
NVDA,2023-01-03,0.0,0.0
NVDA,2023-02-03,0.0,0.0
NVDA,2023-03-03,0.0,0.0
NVDA,2023-04-03,0.0,0.0
NVDA,2023-06-03,0.0,0.0
NVDA,2023-07-03,0.0,0.0
NVDA,2023-09-03,0.0,0.0
NVDA,2023-10-03,0.0,0.0
NVDA,2023-12-03,0.0,0.0
NVDA,2024-01-03,0.0,0.0
NVDA,2024-02-03,0.0,0.0
NVDA,2024-03-03,0.0,0.0
NVDA,2024-04-03,0.0,0.0
NVDA,2024-05-03,0.0,0.0
NVDA,2024-06-03,0.0,0.0
NVDA,2024-07-03,0.0,0.0
NVDA,2024-08-03,0.0,0.0
NVDA,2024-09-03,0.0,0.0
NVDA,2024-10-03,0.0,0.0
NVDA,2024-11-03,0.0,0.0
NVDA,2024-12-03,0.0,0.0
NVDA,2025-01-03,0.0,0.0
NVDA,2025-02-03,0.0,0.0
NVDA,2025-04-03,0.0,0.0
NVDA,2025-07-03,0.0,0.0
NVDA,2025-08-03,0.0,0.0
NVDA,2025-09-03,0.0,0.0
NVDA,2025-10-03,0.0,0.0
NVDA,2025-11-03,0.0,0.0
NVDA,2025-12-03,0.0,0.0
NVDA,2026-01-03,0.0,0.0
NVDA,2026-02-03,0.0,0.0
NVDA,2026-03-03,0.0,0.0
NVDA,2026-04-03,0.0,0.0
NVDA,2026-06-03,0.0,0.0
NVDA,2026-07-03,0.0,0.0
NVDA,2026-10-03,0.0,0.0
ODFL,2019-03-03,0.0,0.0
ODFL,2019-09-03,0.0,0.0
ODFL,2019-12-03,0.0,0.0
ODFL,2020-03-03,0.0,0.0
ODFL,2020-12-03,0.0,0.0
ODFL,2021-09-03,0.0,0.0
ODFL,2021-12-03,0.0,0.0
ODFL,2022-12-03,0.0,0.0
ODFL,2023-03-03,0.0,0.0
ODFL,2023-09-03,0.0,0.0
ODFL,2023-12-03,0.0,0.0
ODFL,2024-03-03,0.0,0.0
ODFL,2024-08-03,0.0,0.0
ODFL,2024-09-03,0.0,0.0
ODFL,2024-10-03,0.0,0.0
ODFL,2024-11-03,0.0,0.0
ODFL,2024-12-03,0.0,0.0
ODFL,2025-03-03,0.0,0.0
ODFL,2025-04-03,0.3333333333333333,144086.66666666666
ODFL,2026-03-03,0.3333333333333333,144086.66666666666
ODFL,2026-04-03,0.3333333333333333,144086.66666666666
ODFL,2026-06-03,0.0,0.0
ODFL,2026-09-03,0.0,0.0
OGN,2021-09-03,0.0,0.0
OGN,2024-03-03,0.0,0.0
OGN,2025-06-03,0.3333333333333333,133306.0
OGN,2025-12-03,0.3333333333333333,133306.0
OGN,2026-06-03,0.3333333333333333,133306.0
OGN,2026-09-03,0.0,0.0
KAR,2019-12-03,0.0,0.0
KAR,2020-03-03,0.0,0.0
KAR,2020-04-03,0.3333333333333333,633878.3333333334
KAR,2020-12-03,0.3333333333333333,633878.3333333334
KAR,2024-03-03,0.6666666666666666,803285.0
KAR,2024-04-03,0.3333333333333333,169406.66666666666
KAR,2024-06-03,0.3333333333333333,169406.66666666666
KAR,2024-12-03,0.3333333333333333,33333.0
KAR,2025-06-03,0.3333333333333333,33333.0
KAR,2025-09-03,0.3333333333333333,33333.0
KAR,2026-01-03,0.0,0.0
KAR,2026-03-03,0.0,0.0
KAR,2026-06-03,0.0,0.0
OPLN,2026-09-03,1.0,499999.0
PANW,2019-02-03,0.0,0.0
PANW,2019-03-03,0.0,0.0
PANW,2019-04-03,0.0,0.0
PANW,2019-05-03,0.0,0.0
PANW,2019-06-03,0.0,0.0
PANW,2019-07-03,0.0,0.0
PANW,2019-08-03,0.0,0.0
PANW,2019-09-03,0.0,0.0
PANW,2019-10-03,0.0,0.0
PANW,2019-11-03,0.0,0.0
PANW,2019-12-03,0.0,0.0
PANW,2020-01-03,0.3333333333333333,1846161.0
PANW,2020-02-03,0.3333333333333333,1846161.0
PANW,2020-03-03,0.3333333333333333,1846161.0
PANW,2020-04-03,0.0,0.0
PANW,2020-05-03,0.0,0.0
PANW,2020-06-03,0.0,0.0
PANW,2020-07-03,0.0,0.0
PANW,2020-08-03,0.0,0.0
PANW,2020-09-03,0.0,0.0
PANW,2020-10-03,0.0,0.0
PANW,2020-11-03,0.0,0.0
PANW,2020-12-03,0.0,0.0
PANW,2021-01-03,0.0,0.0
PANW,2021-02-03,0.0,0.0
PANW,2021-03-03,0.0,0.0
PANW,2021-04-03,0.0,0.0
PANW,2021-05-03,0.0,0.0
PANW,2021-06-03,0.0,0.0
PANW,2021-07-03,0.0,0.0
PANW,2021-08-03,0.0,0.0
PANW,2021-09-03,0.0,0.0
PANW,2021-10-03,0.0,0.0
PANW,2021-11-03,0.0,0.0
PANW,2021-12-03,0.0,0.0
PANW,2022-01-03,0.0,0.0
PANW,2022-11-03,0.0,0.0
PANW,2022-12-03,0.0,0.0
PANW,2023-01-03,0.0,0.0
PANW,2023-02-03,0.0,0.0
PANW,2023-03-03,0.0,0.0
PANW,2023-04-03,0.0,0.0
PANW,2023-05-03,0.0,0.0
PANW,2023-06-03,0.0,0.0
PANW,2023-07-03,0.0,0.0
PANW,2023-08-03,0.0,0.0
PANW,2023-09-03,0.0,0.0
PANW,2023-10-03,0.0,0.0
PANW,2023-11-03,0.0,0.0
PANW,2023-12-03,0.0,0.0
PANW,2024-01-03,0.0,0.0
PANW,2024-02-03,0.0,0.0
PANW,2024-03-03,0.0,0.0
PANW,2024-04-03,0.0,0.0
PANW,2024-05-03,0.0,0.0
PANW,2024-06-03,0.0,0.0
PANW,2024-07-03,0.0,0.0
PANW,2024-08-03,0.0,0.0
PANW,2024-09-03,0.0,0.0
PANW,2024-10-03,0.0,0.0
PANW,2024-11-03,0.0,0.0
PANW,2024-12-03,0.0,0.0
PANW,2025-01-03,0.0,0.0
PANW,2025-02-03,0.0,0.0
PANW,2025-03-03,0.0,0.0
PANW,2025-04-03,0.0,0.0
PANW,2025-05-03,0.0,0.0
PANW,2025-06-03,0.0,0.0
PANW,2025-07-03,0.0,0.0
PANW,2025-08-03,0.0,0.0
PANW,2025-09-03,0.0,0.0
PANW,2025-10-03,0.0,0.0
PANW,2025-11-03,0.0,0.0
PANW,2025-12-03,0.0,0.0
PANW,2026-01-03,0.0,0.0
PANW,2026-02-03,0.0,0.0
PANW,2026-04-03,0.3333333333333333,3333325.6666666665
PANW,2026-05-03,0.3333333333333333,3333325.6666666665
PANW,2026-06-03,0.3333333333333333,3333325.6666666665
PANW,2026-07-03,0.0,0.0
PANW,2026-08-03,0.0,0.0
PANW,2026-09-03,0.0,0.0
PENN,2019-06-03,1.0,427111.0
PENN,2019-09-03,0.5,213555.5
PENN,2020-04-03,0.3333333333333333,142370.33333333334
PENN,2020-06-03,0.3333333333333333,166662.0
PENN,2020-08-03,0.3333333333333333,166662.0
PENN,2020-09-03,0.3333333333333333,166662.0
PENN,2020-10-03,0.0,0.0
PENN,2020-11-03,0.0,0.0
PENN,2021-01-03,0.0,0.0
PENN,2021-02-03,0.0,0.0
PENN,2021-03-03,0.0,0.0
PENN,2021-04-03,0.0,0.0
PENN,2021-10-03,0.0,0.0
PENN,2021-11-03,0.0,0.0
PENN,2023-01-03,0.0,0.0
PENN,2023-03-03,0.0,0.0
PENN,2023-07-03,0.0,0.0
PENN,2023-09-03,0.0,0.0
PENN,2023-10-03,0.3333333333333333,83380.0
PENN,2023-12-03,0.3333333333333333,83380.0
PENN,2024-01-03,0.3333333333333333,83380.0
PENN,2024-02-03,0.0,0.0
PENN,2024-06-03,0.0,0.0
PENN,2024-10-03,0.3333333333333333,333149.3333333333
PENN,2025-06-03,0.3333333333333333,333149.3333333333
PENN,2025-09-03,0.3333333333333333,333149.3333333333
PENN,2025-12-03,0.3333333333333333,33624.666666666664
PENN,2026-04-03,0.3333333333333333,33624.666666666664
PFE,2019-03-03,0.0,0.0
PFE,2019-04-03,0.0,0.0
PFE,2019-05-03,0.0,0.0
PFE,2019-07-03,0.0,0.0
PFE,2019-08-03,0.0,0.0
PFE,2019-09-03,0.0,0.0
PFE,2020-02-03,0.0,0.0
PFE,2020-06-03,0.0,0.0
PFE,2020-07-03,0.0,0.0
PFE,2020-09-03,0.0,0.0
PFE,2020-12-03,0.0,0.0
PFE,2021-06-03,0.0,0.0
PFE,2021-09-03,0.0,0.0
PFE,2021-12-03,0.0,0.0
PFE,2022-01-03,0.0,0.0
PFE,2023-04-03,0.0,0.0
PFE,2023-06-03,0.0,0.0
PFE,2024-01-03,0.0,0.0
PFE,2024-09-03,0.0,0.0
PFE,2024-11-03,0.0,0.0
PFE,2025-03-03,0.0,0.0
PFE,2025-04-03,0.0,0.0
PFE,2026-07-03,0.0,0.0
PFE,2026-09-03,0.3333333333333333,333640.0
PMT,2019-02-03,0.0,0.0
PMT,2019-04-03,0.0,0.0
PMT,2019-08-03,0.0,0.0
PMT,2020-01-03,0.0,0.0
PMT,2020-03-03,0.0,0.0
PMT,2020-04-03,0.0,0.0
PMT,2020-10-03,0.0,0.0
PMT,2021-01-03,0.0,0.0
PMT,2021-03-03,0.0,0.0
PMT,2021-04-03,0.0,0.0
PMT,2021-07-03,0.0,0.0
PMT,2021-10-03,0.0,0.0
PMT,2021-11-03,0.0,0.0
PMT,2023-02-03,0.0,0.0
PMT,2023-03-03,0.0,0.0
PMT,2023-04-03,0.0,0.0
PMT,2023-06-03,0.0,0.0
PMT,2023-07-03,0.0,0.0
PMT,2023-09-03,0.0,0.0
PMT,2023-10-03,0.0,0.0
PMT,2023-11-03,0.0,0.0
PMT,2024-01-03,0.0,0.0
PMT,2024-02-03,0.0,0.0
PMT,2024-03-03,0.0,0.0
PMT,2024-04-03,0.0,0.0
PMT,2024-05-03,0.0,0.0
PMT,2024-08-03,0.0,0.0
PMT,2024-09-03,0.0,0.0
PMT,2024-10-03,0.0,0.0
PMT,2024-11-03,0.0,0.0
PMT,2025-02-03,0.0,0.0
PMT,2025-04-03,0.0,0.0
PMT,2025-05-03,0.0,0.0
PMT,2025-08-03,0.0,0.0
PMT,2025-10-03,0.0,0.0
PMT,2025-11-03,0.0,0.0
PMT,2025-12-03,0.3333333333333333,41333.333333333336
PMT,2026-02-03,0.3333333333333333,41333.333333333336
PMT,2026-09-03,0.3333333333333333,41333.333333333336
PMT,2026-10-03,0.0,0.0
QDEL,2023-03-03,0.0,0.0
QDEL,2024-03-03,0.5,49831.5
QDEL,2024-07-03,0.3333333333333333,33221.0
QDEL,2024-08-03,0.3333333333333333,33221.0
QDEL,2024-09-03,0.0,0.0
QDEL,2024-12-03,0.0,0.0
QDEL,2025-01-03,0.3333333333333333,83292.66666666667
QDEL,2025-12-03,0.6666666666666666,124727.66666666667
QDEL,2026-01-03,0.6666666666666666,124727.66666666667
QDEL,2026-03-03,0.3333333333333333,41435.0
RCUS,2019-07-03,1.0,328575.0
RCUS,2019-11-03,0.5,164287.5
RCUS,2020-09-03,0.6666666666666666,442629.6666666667
RCUS,2020-10-03,0.6666666666666666,369054.3333333333
RCUS,2021-01-03,0.6666666666666666,369054.3333333333
RCUS,2021-03-03,0.3333333333333333,35949.666666666664
RCUS,2021-04-03,0.0,0.0
RCUS,2021-05-03,0.0,0.0
RCUS,2021-07-03,0.0,0.0
RCUS,2021-10-03,0.0,0.0
RCUS,2022-01-03,0.0,0.0
RCUS,2022-10-03,0.0,0.0
RCUS,2023-01-03,0.0,0.0
RCUS,2023-02-03,0.0,0.0
RCUS,2023-04-03,0.0,0.0
RCUS,2023-07-03,0.0,0.0
RCUS,2023-08-03,0.0,0.0
RCUS,2023-10-03,0.0,0.0
RCUS,2024-01-03,0.0,0.0
RCUS,2024-02-03,0.0,0.0
RCUS,2024-03-03,0.0,0.0
RCUS,2024-04-03,0.0,0.0
RCUS,2024-09-03,0.0,0.0
RCUS,2025-01-03,0.0,0.0
RCUS,2025-02-03,0.0,0.0
RCUS,2025-03-03,0.3333333333333333,67155.0
RCUS,2025-10-03,0.3333333333333333,67155.0
RCUS,2025-11-03,0.3333333333333333,67155.0
RCUS,2025-12-03,0.0,0.0
RCUS,2026-01-03,0.0,0.0
RCUS,2026-02-03,0.0,0.0
RCUS,2026-06-03,0.0,0.0
RCUS,2026-07-03,0.0,0.0
RCUS,2026-08-03,0.0,0.0
RCUS,2026-09-03,0.0,0.0
REYN,2020-09-03,0.0,0.0
REYN,2020-12-03,0.5,284503.0
REYN,2021-06-03,0.3333333333333333,189668.66666666666
REYN,2021-09-03,0.3333333333333333,189668.66666666666
REYN,2023-06-03,0.0,0.0
REYN,2024-10-03,0.0,0.0
REYN,2024-12-03,0.0,0.0
REYN,2025-01-03,0.0,0.0
REYN,2025-03-03,0.0,0.0
REYN,2025-06-03,0.0,0.0
REYN,2025-07-03,0.0,0.0
REYN,2025-09-03,0.0,0.0
REYN,2026-04-03,0.0,0.0
RHP,2019-04-03,1.0,503508.0
RHP,2019-06-03,0.5,251754.0
RHP,2019-09-03,0.3333333333333333,167836.0
RHP,2020-01-03,0.0,0.0
RHP,2020-03-03,0.0,0.0
RHP,2020-04-03,0.3333333333333333,77079.0
RHP,2020-05-03,0.3333333333333333,77079.0
RHP,2020-07-03,0.3333333333333333,77079.0
RHP,2021-01-03,0.0,0.0
RHP,2021-04-03,0.0,0.0
RHP,2023-01-03,0.0,0.0
RHP,2023-07-03,0.0,0.0
RHP,2023-09-03,0.0,0.0
RHP,2023-10-03,0.0,0.0
RHP,2023-12-03,0.0,0.0
RHP,2024-01-03,0.0,0.0
RHP,2024-03-03,0.0,0.0
RHP,2024-06-03,0.0,0.0
RHP,2024-07-03,0.0,0.0
RHP,2024-09-03,0.0,0.0
RHP,2024-10-03,0.0,0.0
RHP,2024-12-03,0.0,0.0
RHP,2025-03-03,0.0,0.0
RHP,2025-07-03,0.0,0.0
RHP,2025-09-03,0.0,0.0
RHP,2025-12-03,0.0,0.0
RHP,2026-03-03,0.0,0.0
SAFE,2023-05-03,0.0,0.0
SAFE,2023-06-03,0.5,122924.5
SAFE,2023-09-03,0.3333333333333333,81949.66666666667
SAFE,2024-01-03,0.3333333333333333,81949.66666666667
STAR,2019-04-03,0.0,0.0
STAR,2019-06-03,0.0,0.0
STAR,2019-10-03,0.0,0.0
STAR,2020-04-03,0.0,0.0
STAR,2021-09-03,0.0,0.0
SDGR,2020-03-03,0.0,0.0
SDGR,2020-09-03,0.0,0.0
SDGR,2020-10-03,0.0,0.0
SDGR,2020-11-03,0.0,0.0
SDGR,2020-12-03,0.0,0.0
SDGR,2021-01-03,0.0,0.0
SDGR,2021-02-03,0.0,0.0
SDGR,2021-03-03,0.3333333333333333,37128.666666666664
SDGR,2021-04-03,0.3333333333333333,37128.666666666664
SDGR,2021-05-03,0.3333333333333333,37128.666666666664
SDGR,2021-06-03,0.0,0.0
SDGR,2021-07-03,0.0,0.0
SDGR,2021-08-03,0.0,0.0
SDGR,2021-09-03,0.0,0.0
SDGR,2021-10-03,0.0,0.0
SDGR,2021-11-03,0.0,0.0
SDGR,2022-01-03,0.0,0.0
SDGR,2023-02-03,0.0,0.0
SDGR,2023-03-03,0.0,0.0
SDGR,2023-06-03,0.0,0.0
SDGR,2023-08-03,0.0,0.0
SDGR,2023-09-03,0.0,0.0
SDGR,2024-03-03,0.0,0.0
SDGR,2024-04-03,0.0,0.0
SDGR,2024-11-03,0.0,0.0
SDGR,2025-03-03,0.0,0.0
SDGR,2025-04-03,0.0,0.0
SDGR,2025-05-03,0.0,0.0
SDGR,2025-11-03,0.0,0.0
SDGR,2026-03-03,0.0,0.0
SDGR,2026-04-03,0.0,0.0
SDGR,2026-05-03,0.0,0.0
SDGR,2026-08-03,0.0,0.0
SHEN,2019-04-03,0.0,0.0
SHEN,2020-02-03,0.0,0.0
SHEN,2021-07-03,0.0,0.0
SHEN,2022-10-03,0.0,0.0
SHEN,2024-06-03,0.3333333333333333,127980.0
SHEN,2024-07-03,0.6666666666666666,145355.0
SHEN,2024-09-03,0.6666666666666666,145355.0
SHEN,2024-10-03,0.3333333333333333,17375.0
SHEN,2024-12-03,0.0,0.0
SHEN,2025-02-03,0.0,0.0
SHEN,2025-03-03,0.0,0.0
SHEN,2025-04-03,0.0,0.0
SHEN,2025-06-03,0.0,0.0
SHEN,2025-07-03,0.0,0.0
SHEN,2025-08-03,0.0,0.0
SHEN,2025-09-03,0.0,0.0
SHEN,2025-10-03,0.0,0.0
SHEN,2026-09-03,0.0,0.0
SHO,2020-04-03,0.0,0.0
SHO,2020-05-03,0.5,217297.5
SHO,2020-06-03,0.3333333333333333,144865.0
SHO,2020-10-03,0.6666666666666666,170298.33333333334
SHO,2021-04-03,0.3333333333333333,25433.333333333332
SHO,2021-07-03,0.3333333333333333,25433.333333333332
SHO,2022-01-03,0.3333333333333333,38361.666666666664
SHO,2026-07-03,0.3333333333333333,38361.666666666664
SHW,2019-03-03,0.0,0.0
SHW,2019-06-03,0.0,0.0
SHW,2019-07-03,0.0,0.0
SHW,2019-08-03,0.0,0.0
SHW,2019-09-03,0.0,0.0
SHW,2019-11-03,0.0,0.0
SHW,2019-12-03,0.0,0.0
SHW,2020-01-03,0.0,0.0
SHW,2020-03-03,0.0,0.0
SHW,2020-04-03,0.0,0.0
SHW,2020-06-03,0.0,0.0
SHW,2020-07-03,0.0,0.0
SHW,2020-08-03,0.0,0.0
SHW,2020-09-03,0.0,0.0
SHW,2020-10-03,0.0,0.0
SHW,2020-11-03,0.0,0.0
SHW,2020-12-03,0.0,0.0
SHW,2021-03-03,0.0,0.0
SHW,2021-04-03,0.0,0.0
SHW,2021-07-03,0.0,0.0
SHW,2021-08-03,0.0,0.0
SHW,2021-09-03,0.0,0.0
SHW,2021-10-03,0.0,0.0
SHW,2021-12-03,0.0,0.0
SHW,2023-02-03,0.3333333333333333,166775.66666666666
SHW,2023-03-03,0.3333333333333333,166775.66666666666
SHW,2023-11-03,0.3333333333333333,166775.66666666666
SHW,2024-01-03,0.0,0.0
SHW,2024-03-03,0.0,0.0
SHW,2024-04-03,0.0,0.0
SHW,2024-09-03,0.0,0.0
SHW,2024-10-03,0.0,0.0
SHW,2024-12-03,0.0,0.0
SHW,2025-04-03,0.0,0.0
SHW,2025-07-03,0.0,0.0
SHW,2025-09-03,0.0,0.0
SHW,2026-03-03,0.0,0.0
SHW,2026-09-03,0.0,0.0
SM,2019-06-03,1.0,73150.0
SM,2020-03-03,0.5,36575.0
SM,2020-04-03,0.3333333333333333,24383.333333333332
SM,2021-03-03,0.0,0.0
SM,2021-07-03,0.0,0.0
SM,2021-12-03,0.0,0.0
SM,2022-10-03,0.0,0.0
SM,2022-12-03,0.0,0.0
SM,2023-04-03,0.3333333333333333,20710.0
SM,2023-09-03,0.3333333333333333,20710.0
SM,2023-10-03,0.3333333333333333,20710.0
SM,2024-04-03,0.0,0.0
SM,2024-06-03,0.0,0.0
SM,2024-09-03,0.0,0.0
SM,2025-03-03,0.0,0.0
SM,2025-04-03,0.0,0.0
SM,2025-06-03,0.0,0.0
SM,2025-07-03,0.0,0.0
SM,2026-06-03,0.0,0.0
SM,2026-09-03,0.0,0.0
SO,2019-03-03,0.0,0.0
SO,2019-04-03,0.0,0.0
SO,2019-05-03,0.0,0.0
SO,2019-06-03,0.0,0.0
SO,2019-07-03,0.0,0.0
SO,2019-08-03,0.0,0.0
SO,2019-09-03,0.0,0.0
SO,2019-10-03,0.0,0.0
SO,2019-11-03,0.0,0.0
SO,2019-12-03,0.0,0.0
SO,2020-01-03,0.0,0.0
SO,2020-02-03,0.0,0.0
SO,2020-03-03,0.0,0.0
SO,2020-04-03,0.0,0.0
SO,2020-05-03,0.0,0.0
SO,2020-06-03,0.0,0.0
SO,2020-07-03,0.0,0.0
SO,2020-08-03,0.0,0.0
SO,2020-09-03,0.3333333333333333,33218.0
SO,2020-10-03,0.3333333333333333,33218.0
SO,2020-11-03,0.3333333333333333,33218.0
SO,2020-12-03,0.0,0.0
SO,2021-01-03,0.0,0.0
SO,2021-02-03,0.0,0.0
SO,2021-03-03,0.0,0.0
SO,2021-04-03,0.0,0.0
SO,2021-05-03,0.0,0.0
SO,2021-06-03,0.0,0.0
SO,2021-07-03,0.0,0.0
SO,2021-09-03,0.0,0.0
SO,2021-10-03,0.0,0.0
SO,2021-11-03,0.0,0.0
SO,2021-12-03,0.0,0.0
SO,2022-01-03,0.0,0.0
SO,2022-11-03,0.0,0.0
SO,2022-12-03,0.0,0.0
SO,2023-01-03,0.0,0.0
SO,2023-02-03,0.0,0.0
SO,2023-03-03,0.0,0.0
SO,2023-04-03,0.0,0.0
SO,2023-05-03,0.0,0.0
SO,2023-06-03,0.0,0.0
SO,2023-07-03,0.0,0.0
SO,2023-08-03,0.0,0.0
SO,2023-09-03,0.0,0.0
SO,2023-10-03,0.0,0.0
SO,2023-11-03,0.0,0.0
SO,2023-12-03,0.0,0.0
SO,2024-01-03,0.0,0.0
SO,2024-02-03,0.0,0.0
SO,2024-03-03,0.0,0.0
SO,2024-04-03,0.0,0.0
SO,2024-06-03,0.0,0.0
SO,2024-08-03,0.0,0.0
SO,2024-09-03,0.0,0.0
SO,2024-10-03,0.0,0.0
SO,2024-11-03,0.0,0.0
SO,2024-12-03,0.0,0.0
SO,2025-01-03,0.0,0.0
SO,2025-03-03,0.0,0.0
SO,2025-04-03,0.0,0.0
SO,2025-05-03,0.0,0.0
SO,2025-06-03,0.0,0.0
SO,2025-08-03,0.0,0.0
SO,2025-09-03,0.0,0.0
SO,2025-11-03,0.0,0.0
SO,2026-03-03,0.0,0.0
SO,2026-04-03,0.0,0.0
SO,2026-06-03,0.0,0.0
SO,2026-07-03,0.0,0.0
SO,2026-08-03,0.0,0.0
SO,2026-09-03,0.0,0.0
SO,2026-10-03,0.0,0.0
SPGI,2019-03-03,0.0,0.0
SPGI,2019-04-03,0.0,0.0
SPGI,2019-05-03,0.0,0.0
SPGI,2019-06-03,0.0,0.0
SPGI,2019-08-03,0.0,0.0
SPGI,2019-09-03,0.0,0.0
SPGI,2019-12-03,0.0,0.0
SPGI,2020-08-03,0.0,0.0
SPGI,2020-09-03,0.0,0.0
SPGI,2020-12-03,0.0,0.0
SPGI,2021-03-03,0.0,0.0
SPGI,2021-06-03,0.0,0.0
SPGI,2022-12-03,0.0,0.0
SPGI,2023-01-03,0.0,0.0
SPGI,2023-03-03,0.0,0.0
SPGI,2023-06-03,0.0,0.0
SPGI,2023-07-03,0.0,0.0
SPGI,2023-08-03,0.0,0.0
SPGI,2023-09-03,0.0,0.0
SPGI,2023-10-03,0.0,0.0
SPGI,2023-12-03,0.0,0.0
SPGI,2024-03-03,0.0,0.0
SPGI,2024-06-03,0.0,0.0
SPGI,2024-07-03,0.0,0.0
SPGI,2024-09-03,0.0,0.0
SPGI,2024-12-03,0.0,0.0
SPGI,2025-03-03,0.0,0.0
SPGI,2025-06-03,0.0,0.0
SPGI,2025-09-03,0.0,0.0
SPGI,2026-02-03,0.0,0.0
SPGI,2026-03-03,0.0,0.0
SPGI,2026-06-03,0.3333333333333333,692257.3333333334
SPNT,2021-04-03,0.0,0.0
SPNT,2021-06-03,0.0,0.0
SPNT,2021-07-03,0.0,0.0
SPNT,2022-12-03,0.0,0.0
SPNT,2023-06-03,0.0,0.0
SPNT,2023-07-03,0.0,0.0
SPNT,2024-09-03,0.0,0.0
SPNT,2025-03-03,0.0,0.0
SPNT,2025-06-03,0.0,0.0
TPRE,2019-09-03,0.0,0.0
TPRE,2020-04-03,0.5,82050.0
TPRE,2020-09-03,0.3333333333333333,54700.0
STRA,2019-04-03,0.0,0.0
STRA,2019-05-03,0.0,0.0
STRA,2019-06-03,0.0,0.0
STRA,2019-07-03,0.0,0.0
STRA,2019-12-03,0.0,0.0
STRA,2020-03-03,0.0,0.0
STRA,2020-04-03,0.0,0.0
STRA,2020-06-03,0.0,0.0
STRA,2020-07-03,0.0,0.0
STRA,2020-12-03,0.0,0.0
STRA,2021-01-03,0.0,0.0
STRA,2021-03-03,0.0,0.0
STRA,2021-04-03,0.0,0.0
STRA,2021-12-03,0.0,0.0
STRA,2022-12-03,0.0,0.0
STRA,2023-04-03,0.0,0.0
STRA,2023-06-03,0.0,0.0
STRA,2024-03-03,0.0,0.0
STRA,2024-06-03,0.0,0.0
STRA,2024-09-03,0.0,0.0
STRA,2024-10-03,0.0,0.0
STRA,2025-03-03,0.0,0.0
STRA,2025-04-03,0.0,0.0
STRA,2025-05-03,0.0,0.0
STRA,2025-09-03,0.0,0.0
STRA,2025-10-03,0.3333333333333333,51616.666666666664
STRA,2026-01-03,0.3333333333333333,51616.666666666664
STRA,2026-03-03,0.3333333333333333,51616.666666666664
STRA,2026-04-03,0.0,0.0
STRA,2026-05-03,0.0,0.0
STRA,2026-06-03,0.0,0.0
STRA,2026-07-03,0.0,0.0
SXT,2019-06-03,0.0,0.0
SXT,2020-03-03,0.5,27825.0
SXT,2020-06-03,0.3333333333333333,18550.0
SXT,2021-04-03,0.3333333333333333,18550.0
SXT,2021-06-03,0.0,0.0
SXT,2021-09-03,0.0,0.0
SXT,2021-10-03,0.0,0.0
SXT,2021-11-03,0.0,0.0
SXT,2023-08-03,0.0,0.0
SXT,2023-11-03,0.0,0.0
SXT,2024-06-03,0.0,0.0
SXT,2024-09-03,0.0,0.0
SXT,2024-12-03,0.0,0.0
SXT,2025-06-03,0.0,0.0
SXT,2025-09-03,0.0,0.0
SXT,2025-12-03,0.0,0.0
SXT,2026-01-03,0.0,0.0
SXT,2026-06-03,0.0,0.0
SXT,2026-09-03,0.0,0.0
T,2019-03-03,0.0,0.0
T,2019-08-03,0.0,0.0
T,2020-03-03,0.0,0.0
T,2020-05-03,0.0,0.0
T,2020-08-03,0.0,0.0
T,2021-06-03,0.3333333333333333,528952.0
T,2021-12-03,0.3333333333333333,528952.0
T,2023-12-03,0.3333333333333333,528952.0
T,2025-07-03,0.0,0.0
TGTX,2019-02-03,0.0,0.0
TGTX,2019-07-03,0.5,175875.0
TGTX,2019-08-03,0.3333333333333333,117250.0
TGTX,2020-07-03,0.3333333333333333,117250.0
TGTX,2020-10-03,0.0,0.0
TGTX,2021-01-03,0.0,0.0
TGTX,2023-02-03,0.0,0.0
TGTX,2023-07-03,0.0,0.0
TGTX,2023-09-03,0.3333333333333333,337666.6666666667
TGTX,2024-02-03,0.3333333333333333,337666.6666666667
TGTX,2024-04-03,0.3333333333333333,337666.6666666667
TGTX,2024-07-03,0.0,0.0
TGTX,2024-12-03,0.0,0.0
TGTX,2025-02-03,0.0,0.0
TGTX,2025-07-03,0.0,0.0
TGTX,2025-10-03,0.0,0.0
TGTX,2025-12-03,0.0,0.0
TMDX,2019-06-03,0.0,0.0
TMDX,2019-12-03,0.0,0.0
TMDX,2020-01-03,0.0,0.0
TMDX,2020-02-03,0.0,0.0
TMDX,2020-03-03,0.0,0.0
TMDX,2020-04-03,0.0,0.0
TMDX,2020-05-03,0.0,0.0
TMDX,2020-06-03,0.0,0.0
TMDX,2020-07-03,0.0,0.0
TMDX,2020-08-03,0.0,0.0
TMDX,2020-09-03,0.0,0.0
TMDX,2020-10-03,0.0,0.0
TMDX,2021-01-03,0.0,0.0
TMDX,2021-02-03,0.0,0.0
TMDX,2021-03-03,0.0,0.0
TMDX,2021-04-03,0.0,0.0
TMDX,2021-05-03,0.0,0.0
TMDX,2021-06-03,0.0,0.0
TMDX,2021-07-03,0.0,0.0
TMDX,2021-08-03,0.0,0.0
TMDX,2021-09-03,0.0,0.0
TMDX,2021-10-03,0.0,0.0
TMDX,2021-11-03,0.0,0.0
TMDX,2021-12-03,0.0,0.0
TMDX,2022-11-03,0.0,0.0
TMDX,2022-12-03,0.0,0.0
TMDX,2023-01-03,0.0,0.0
TMDX,2023-02-03,0.0,0.0
TMDX,2023-03-03,0.0,0.0
TMDX,2023-04-03,0.0,0.0
TMDX,2023-05-03,0.0,0.0
TMDX,2023-06-03,0.0,0.0
TMDX,2023-07-03,0.0,0.0
TMDX,2023-08-03,0.0,0.0
TMDX,2023-09-03,0.0,0.0
TMDX,2023-10-03,0.0,0.0
TMDX,2023-11-03,0.0,0.0
TMDX,2023-12-03,0.0,0.0
TMDX,2024-01-03,0.0,0.0
TMDX,2024-02-03,0.0,0.0
TMDX,2024-03-03,0.0,0.0
TMDX,2024-04-03,0.0,0.0
TMDX,2024-05-03,0.0,0.0
TMDX,2024-06-03,0.0,0.0
TMDX,2024-07-03,0.0,0.0
TMDX,2024-08-03,0.0,0.0
TMDX,2024-09-03,0.0,0.0
TMDX,2024-10-03,0.0,0.0
TMDX,2024-11-03,0.0,0.0
TMDX,2024-12-03,0.0,0.0
TMDX,2025-01-03,0.0,0.0
TMDX,2025-02-03,0.0,0.0
TMDX,2025-04-03,0.0,0.0
TMDX,2025-06-03,0.0,0.0
TMDX,2025-07-03,0.0,0.0
TMDX,2025-09-03,0.3333333333333333,660707.0
TMDX,2025-11-03,0.3333333333333333,660707.0
TMDX,2025-12-03,0.3333333333333333,660707.0
TMDX,2026-01-03,0.0,0.0
TMDX,2026-04-03,0.0,0.0
TMDX,2026-07-03,0.0,0.0
UA,2019-03-03,0.0,0.0
UA,2019-09-03,0.0,0.0
UA,2019-12-03,0.0,0.0
UA,2020-05-03,0.0,0.0
UA,2021-01-03,0.0,0.0
UA,2021-09-03,0.0,0.0
UA,2021-12-03,0.0,0.0
UA,2023-03-03,0.0,0.0
UA,2023-07-03,0.0,0.0
UA,2024-12-03,0.0,0.0
UA,2025-01-03,0.0,0.0
UA,2025-07-03,0.0,0.0
UA,2025-09-03,0.0,0.0
UA,2026-01-03,0.0,0.0
UA,2026-02-03,0.0,0.0
UA,2026-06-03,0.0,0.0
UA,2026-09-03,0.3333333333333333,33393.666666666664
UAA,2019-03-03,0.0,0.0
UAA,2020-05-03,0.0,0.0
UAA,2021-01-03,0.0,0.0
UAA,2021-09-03,0.0,0.0
UAA,2026-02-03,0.0,0.0
UNH,2019-02-03,0.0,0.0
UNH,2019-04-03,0.0,0.0
UNH,2019-05-03,0.0,0.0
UNH,2019-06-03,0.3333333333333333,1545243.3333333333
UNH,2019-07-03,0.3333333333333333,1545243.3333333333
UNH,2019-08-03,0.3333333333333333,1545243.3333333333
UNH,2019-09-03,0.0,0.0
UNH,2019-10-03,0.0,0.0
UNH,2019-11-03,0.0,0.0
UNH,2019-12-03,0.0,0.0
UNH,2020-02-03,0.0,0.0
UNH,2020-03-03,0.0,0.0
UNH,2020-04-03,0.0,0.0
UNH,2020-06-03,0.0,0.0
UNH,2020-08-03,0.0,0.0
UNH,2020-09-03,0.0,0.0
UNH,2020-11-03,0.0,0.0
UNH,2020-12-03,0.0,0.0
UNH,2021-01-03,0.0,0.0
UNH,2021-02-03,0.0,0.0
UNH,2021-03-03,0.0,0.0
UNH,2021-04-03,0.0,0.0
UNH,2021-05-03,0.0,0.0
UNH,2021-07-03,0.0,0.0
UNH,2021-08-03,0.0,0.0
UNH,2021-09-03,0.0,0.0
UNH,2021-10-03,0.0,0.0
UNH,2021-11-03,0.0,0.0
UNH,2021-12-03,0.0,0.0
UNH,2023-01-03,0.0,0.0
UNH,2023-05-03,0.0,0.0
UNH,2023-06-03,0.0,0.0
UNH,2023-08-03,0.0,0.0
UNH,2023-11-03,0.0,0.0
UNH,2024-01-03,0.0,0.0
UNH,2024-03-03,0.0,0.0
UNH,2024-04-03,0.0,0.0
UNH,2024-08-03,0.0,0.0
UNH,2024-12-03,0.0,0.0
UNH,2025-02-03,0.0,0.0
UNH,2025-06-03,0.3333333333333333,10006312.666666666
UNH,2025-07-03,0.3333333333333333,10006312.666666666
UNH,2025-10-03,0.3333333333333333,10006312.666666666
UNH,2026-05-03,0.0,0.0
UNH,2026-09-03,0.0,0.0
RCII,2019-02-03,0.0,0.0
RCII,2019-07-03,0.0,0.0
RCII,2019-12-03,0.0,0.0
RCII,2020-06-03,0.0,0.0
RCII,2020-09-03,0.0,0.0
RCII,2020-11-03,0.0,0.0
RCII,2020-12-03,0.0,0.0
RCII,2021-02-03,0.0,0.0
RCII,2021-04-03,0.0,0.0
RCII,2021-05-03,0.0,0.0
RCII,2021-06-03,0.0,0.0
RCII,2021-07-03,0.0,0.0
RCII,2021-08-03,0.0,0.0
RCII,2021-11-03,0.0,0.0
RCII,2021-12-03,0.0,0.0
RCII,2022-01-03,0.0,0.0
RCII,2022-11-03,0.0,0.0
RCII,2023-02-03,0.0,0.0
UPBD,2023-04-03,0.0,0.0
UPBD,2023-05-03,0.0,0.0
UPBD,2023-08-03,0.0,0.0
UPBD,2023-09-03,0.0,0.0
UPBD,2023-11-03,0.0,0.0
UPBD,2024-02-03,0.0,0.0
UPBD,2024-04-03,0.0,0.0
UPBD,2024-05-03,0.0,0.0
UPBD,2024-08-03,0.0,0.0
UPBD,2024-09-03,0.0,0.0
UPBD,2024-11-03,0.0,0.0
UPBD,2025-02-03,0.0,0.0
UPBD,2025-04-03,0.3333333333333333,98976.66666666667
UPBD,2025-05-03,0.3333333333333333,98976.66666666667
UPBD,2025-06-03,0.3333333333333333,98976.66666666667
UPBD,2025-08-03,0.0,0.0
UPBD,2025-09-03,0.0,0.0
UPBD,2025-10-03,0.0,0.0
UPBD,2025-11-03,0.0,0.0
UPBD,2026-02-03,0.0,0.0
UPBD,2026-05-03,0.0,0.0
UPBD,2026-08-03,0.0,0.0
UPBD,2026-09-03,0.0,0.0
UPS,2019-03-03,0.0,0.0
UPS,2019-06-03,0.0,0.0
UPS,2019-12-03,0.0,0.0
UPS,2020-07-03,0.3333333333333333,334411.0
UPS,2020-09-03,0.3333333333333333,334411.0
UPS,2021-03-03,0.3333333333333333,334411.0
UPS,2021-09-03,0.0,0.0
UPS,2021-12-03,0.0,0.0
UPS,2023-03-03,0.0,0.0
UPS,2023-09-03,0.0,0.0
UPS,2024-03-03,0.0,0.0
UPS,2024-08-03,0.0,0.0
UPS,2024-12-03,0.0,0.0
UPS,2025-09-03,0.3333333333333333,333605.3333333333
UPS,2026-02-03,0.3333333333333333,333605.3333333333
VCTR,2019-09-03,0.0,0.0
VCTR,2020-06-03,0.0,0.0
VCTR,2020-07-03,0.0,0.0
VCTR,2021-12-03,0.3333333333333333,425826.0
VCTR,2022-01-03,0.3333333333333333,425826.0
VCTR,2023-01-03,0.6666666666666666,965292.6666666666
VCTR,2023-03-03,0.3333333333333333,539466.6666666666
VCTR,2023-08-03,0.3333333333333333,539466.6666666666
VICI,2019-09-03,1.0,548857.0
VICI,2020-03-03,0.5,274428.5
VICI,2020-04-03,0.6666666666666666,258732.33333333334
VICI,2020-08-03,0.3333333333333333,75780.0
VICI,2020-10-03,0.3333333333333333,75780.0
VICI,2020-12-03,0.0,0.0
VICI,2021-04-03,0.0,0.0
VICI,2021-10-03,0.0,0.0
VICI,2021-12-03,0.3333333333333333,83590.66666666667
VICI,2024-04-03,0.3333333333333333,83590.66666666667
VICI,2024-10-03,0.3333333333333333,83590.66666666667
VRTX,2019-02-03,0.0,0.0
VRTX,2019-03-03,0.0,0.0
VRTX,2019-05-03,0.0,0.0
VRTX,2019-06-03,0.0,0.0
VRTX,2019-07-03,0.0,0.0
VRTX,2019-08-03,0.0,0.0
VRTX,2019-09-03,0.0,0.0
VRTX,2019-11-03,0.0,0.0
VRTX,2019-12-03,0.0,0.0
VRTX,2020-01-03,0.0,0.0
VRTX,2020-02-03,0.0,0.0
VRTX,2020-03-03,0.0,0.0
VRTX,2020-05-03,0.0,0.0
VRTX,2020-06-03,0.0,0.0
VRTX,2020-07-03,0.0,0.0
VRTX,2020-08-03,0.0,0.0
VRTX,2020-09-03,0.0,0.0
VRTX,2020-11-03,0.0,0.0
VRTX,2020-12-03,0.0,0.0
VRTX,2021-03-03,0.0,0.0
VRTX,2021-04-03,0.0,0.0
VRTX,2021-05-03,0.0,0.0
VRTX,2021-06-03,0.0,0.0
VRTX,2021-07-03,0.0,0.0
VRTX,2021-09-03,0.3333333333333333,652164.0
VRTX,2021-12-03,0.3333333333333333,652164.0
VRTX,2022-11-03,0.3333333333333333,652164.0
VRTX,2022-12-03,0.0,0.0
VRTX,2023-02-03,0.0,0.0
VRTX,2023-03-03,0.0,0.0
VRTX,2023-04-03,0.0,0.0
VRTX,2023-05-03,0.0,0.0
VRTX,2023-06-03,0.0,0.0
VRTX,2023-07-03,0.0,0.0
VRTX,2023-08-03,0.0,0.0
VRTX,2023-09-03,0.0,0.0
VRTX,2023-10-03,0.0,0.0
VRTX,2023-11-03,0.0,0.0
VRTX,2023-12-03,0.0,0.0
VRTX,2024-01-03,0.0,0.0
VRTX,2024-02-03,0.0,0.0
VRTX,2024-03-03,0.0,0.0
VRTX,2024-05-03,0.0,0.0
VRTX,2024-06-03,0.0,0.0
VRTX,2024-07-03,0.0,0.0
VRTX,2024-08-03,0.0,0.0
VRTX,2024-09-03,0.0,0.0
VRTX,2024-10-03,0.0,0.0
VRTX,2024-11-03,0.0,0.0
VRTX,2024-12-03,0.0,0.0
VRTX,2025-03-03,0.0,0.0
VRTX,2025-04-03,0.0,0.0
VRTX,2025-06-03,0.0,0.0
VRTX,2025-09-03,0.3333333333333333,1298589.3333333333
VRTX,2025-11-03,0.3333333333333333,1298589.3333333333
VRTX,2025-12-03,0.3333333333333333,1298589.3333333333
VRTX,2026-01-03,0.0,0.0
VRTX,2026-02-03,0.0,0.0
VRTX,2026-03-03,0.0,0.0
VRTX,2026-04-03,0.0,0.0
VRTX,2026-05-03,0.0,0.0
VRTX,2026-06-03,0.0,0.0
VRTX,2026-07-03,0.0,0.0
VRTX,2026-08-03,0.0,0.0
VSAT,2019-03-03,0.0,0.0
VSAT,2019-04-03,0.0,0.0
VSAT,2019-05-03,0.0,0.0
VSAT,2019-06-03,0.0,0.0
VSAT,2019-07-03,0.0,0.0
VSAT,2019-08-03,0.0,0.0
VSAT,2019-09-03,0.0,0.0
VSAT,2019-10-03,0.0,0.0
VSAT,2019-12-03,0.0,0.0
VSAT,2020-01-03,0.0,0.0
VSAT,2020-03-03,0.3333333333333333,502637.0
VSAT,2020-04-03,0.3333333333333333,502637.0
VSAT,2020-07-03,0.3333333333333333,502637.0
VSAT,2020-08-03,0.0,0.0
VSAT,2020-12-03,0.0,0.0
VSAT,2021-03-03,0.0,0.0
VSAT,2021-04-03,0.0,0.0
VSAT,2021-12-03,0.0,0.0
VSAT,2022-11-03,0.0,0.0
VSAT,2022-12-03,0.0,0.0
VSAT,2023-01-03,0.0,0.0
VSAT,2023-03-03,0.0,0.0
VSAT,2023-04-03,0.0,0.0
VSAT,2023-05-03,0.0,0.0
VSAT,2023-06-03,0.0,0.0
VSAT,2023-07-03,0.0,0.0
VSAT,2023-08-03,0.0,0.0
VSAT,2023-09-03,0.0,0.0
VSAT,2023-10-03,0.0,0.0
VSAT,2023-11-03,0.0,0.0
VSAT,2023-12-03,0.0,0.0
VSAT,2024-01-03,0.0,0.0
VSAT,2024-02-03,0.0,0.0
VSAT,2024-09-03,0.0,0.0
VSAT,2024-10-03,0.0,0.0
VSAT,2025-01-03,0.0,0.0
VSAT,2025-03-03,0.0,0.0
VSAT,2025-10-03,0.0,0.0
VSAT,2025-12-03,0.0,0.0
VSAT,2026-01-03,0.0,0.0
VSAT,2026-02-03,0.0,0.0
VSAT,2026-03-03,0.0,0.0
VSAT,2026-04-03,0.0,0.0
VSAT,2026-05-03,0.0,0.0
VSAT,2026-06-03,0.0,0.0
VSAT,2026-07-03,0.0,0.0
VSAT,2026-08-03,0.0,0.0
VSAT,2026-09-03,0.0,0.0
VSCO,2021-12-03,0.0,0.0
VSCO,2023-01-03,0.0,0.0
VSCO,2023-03-03,0.0,0.0
VSCO,2023-10-03,0.3333333333333333,114403.33333333333
VSCO,2024-10-03,0.3333333333333333,114403.33333333333
VSCO,2025-04-03,0.3333333333333333,114403.33333333333
VSCO,2025-05-03,0.0,0.0
VSCO,2026-05-03,0.0,0.0
VSCO,2026-07-03,0.0,0.0
VSXY,2026-08-03,0.0,0.0
VZ,2019-03-03,0.0,0.0
VZ,2019-04-03,0.0,0.0
VZ,2019-05-03,0.0,0.0
VZ,2019-06-03,0.0,0.0
VZ,2019-07-03,0.0,0.0
VZ,2019-09-03,0.0,0.0
VZ,2019-10-03,0.0,0.0
VZ,2019-11-03,0.0,0.0
VZ,2019-12-03,0.0,0.0
VZ,2020-03-03,0.0,0.0
VZ,2020-04-03,0.3333333333333333,335773.6666666667
VZ,2020-06-03,0.3333333333333333,335773.6666666667
VZ,2020-12-03,0.3333333333333333,335773.6666666667
VZ,2021-04-03,0.0,0.0
VZ,2021-05-03,0.0,0.0
VZ,2021-06-03,0.0,0.0
VZ,2021-07-03,0.0,0.0
VZ,2021-08-03,0.0,0.0
VZ,2021-09-03,0.0,0.0
VZ,2021-10-03,0.0,0.0
VZ,2021-11-03,0.0,0.0
VZ,2021-12-03,0.0,0.0
VZ,2022-01-03,0.0,0.0
VZ,2023-04-03,0.0,0.0
VZ,2023-05-03,0.0,0.0
VZ,2023-06-03,0.0,0.0
VZ,2023-09-03,0.0,0.0
VZ,2024-01-03,0.0,0.0
VZ,2024-03-03,0.0,0.0
VZ,2025-02-03,0.0,0.0
VZ,2025-03-03,0.0,0.0
VZ,2025-05-03,0.0,0.0
VZ,2025-06-03,0.0,0.0
VZ,2026-03-03,0.0,0.0
VZ,2026-04-03,0.0,0.0
VZ,2026-07-03,0.0,0.0
VZ,2026-09-03,0.0,0.0
VZ,2026-10-03,0.0,0.0
WDFC,2019-05-03,0.0,0.0
WDFC,2019-09-03,0.0,0.0
WDFC,2020-02-03,0.0,0.0
WDFC,2020-09-03,0.0,0.0
WDFC,2020-11-03,0.0,0.0
WDFC,2020-12-03,0.0,0.0
WDFC,2021-02-03,0.0,0.0
WDFC,2021-08-03,0.0,0.0
WDFC,2021-11-03,0.0,0.0
WDFC,2022-11-03,0.3333333333333333,33319.0
WDFC,2022-12-03,0.3333333333333333,33319.0
WDFC,2023-02-03,0.3333333333333333,33319.0
WDFC,2023-03-03,0.0,0.0
WDFC,2023-05-03,0.0,0.0
WDFC,2023-07-03,0.0,0.0
WDFC,2024-03-03,0.0,0.0
WDFC,2024-05-03,0.3333333333333333,33439.666666666664
WDFC,2024-06-03,0.3333333333333333,33439.666666666664
WDFC,2024-11-03,0.3333333333333333,33439.666666666664
WDFC,2024-12-03,0.0,0.0
WDFC,2025-05-03,0.3333333333333333,19014.666666666668
WDFC,2025-11-03,0.6666666666666666,43203.666666666664
WDFC,2026-03-03,0.6666666666666666,43203.666666666664
WDFC,2026-09-03,0.3333333333333333,24189.0
WEC,2019-03-03,0.0,0.0
WEC,2019-04-03,0.0,0.0
WEC,2019-06-03,0.0,0.0
WEC,2019-09-03,0.0,0.0
WEC,2019-10-03,0.0,0.0
WEC,2019-12-03,0.0,0.0
WEC,2020-03-03,0.0,0.0
WEC,2020-07-03,0.0,0.0
WEC,2020-08-03,0.0,0.0
WEC,2020-09-03,0.0,0.0
WEC,2020-10-03,0.0,0.0
WEC,2020-12-03,0.0,0.0
WEC,2021-04-03,0.3333333333333333,27166.666666666668
WEC,2021-06-03,0.3333333333333333,27166.666666666668
WEC,2021-07-03,0.3333333333333333,27166.666666666668
WEC,2021-09-03,0.0,0.0
WEC,2021-12-03,0.0,0.0
WEC,2022-12-03,0.0,0.0
WEC,2023-06-03,0.0,0.0
WEC,2023-12-03,0.0,0.0
WEC,2024-04-03,0.0,0.0
WEC,2024-09-03,0.0,0.0
WEC,2024-10-03,0.0,0.0
WEC,2024-12-03,0.0,0.0
WEC,2025-03-03,0.0,0.0
WEC,2025-04-03,0.0,0.0
WEC,2025-06-03,0.0,0.0
WEC,2025-09-03,0.0,0.0
WEC,2025-12-03,0.0,0.0
WEC,2026-03-03,0.0,0.0
WEC,2026-06-03,0.0,0.0
WEC,2026-09-03,0.0,0.0
WSC,2019-04-03,1.0,391850.0
WSC,2019-10-03,0.5,195925.0
WSC,2020-09-03,0.3333333333333333,130616.66666666667
WSC,2020-10-03,0.0,0.0
WSC,2020-12-03,0.0,0.0
WSC,2021-04-03,0.0,0.0
WSC,2021-06-03,0.0,0.0
WSC,2021-07-03,0.0,0.0
WSC,2021-08-03,0.0,0.0
WSC,2021-09-03,0.0,0.0
WSC,2021-10-03,0.0,0.0
WSC,2022-01-03,0.0,0.0
WSC,2022-12-03,0.3333333333333333,78133.33333333333
WSC,2023-03-03,0.3333333333333333,78133.33333333333
WSC,2023-04-03,0.3333333333333333,78133.33333333333
WSC,2023-06-03,0.0,0.0
WSC,2023-07-03,0.0,0.0
WSC,2023-09-03,0.0,0.0
WSC,2023-12-03,0.0,0.0
WSC,2024-04-03,0.0,0.0
WSC,2024-06-03,0.0,0.0
WSC,2024-10-03,0.0,0.0
WSC,2024-12-03,0.3333333333333333,57106.333333333336
WSC,2025-01-03,0.3333333333333333,57106.333333333336
WSC,2025-04-03,0.3333333333333333,57106.333333333336
WSC,2025-06-03,0.0,0.0
WSC,2025-07-03,0.0,0.0
WSC,2025-09-03,0.0,0.0
WSC,2026-06-03,0.0,0.0
WU,2019-03-03,0.0,0.0
WU,2019-07-03,0.0,0.0
WU,2019-08-03,0.0,0.0
WU,2019-09-03,0.0,0.0
WU,2019-10-03,0.0,0.0
WU,2019-11-03,0.0,0.0
WU,2019-12-03,0.0,0.0
WU,2020-01-03,0.0,0.0
WU,2020-02-03,0.0,0.0
WU,2020-03-03,0.0,0.0
WU,2020-04-03,0.0,0.0
WU,2020-07-03,0.0,0.0
WU,2021-01-03,0.0,0.0
WU,2021-03-03,0.0,0.0
WU,2021-04-03,0.0,0.0
WU,2021-05-03,0.0,0.0
WU,2021-06-03,0.0,0.0
WU,2021-09-03,0.0,0.0
WU,2022-12-03,0.0,0.0
WU,2024-03-03,0.0,0.0
WU,2025-09-03,0.3333333333333333,548118.0
WU,2025-12-03,0.3333333333333333,548118.0
WU,2026-05-03,0.3333333333333333,548118.0
WU,2026-06-03,0.0,0.0
WY,2019-03-03,0.0,0.0
WY,2019-07-03,0.5,59820.0
WY,2020-03-03,0.3333333333333333,39880.0
WY,2020-04-03,0.3333333333333333,39880.0
WY,2020-09-03,0.0,0.0
WY,2020-10-03,0.0,0.0
WY,2021-03-03,0.0,0.0
WY,2021-06-03,0.3333333333333333,128520.66666666667
WY,2023-03-03,0.3333333333333333,128520.66666666667
WY,2023-06-03,0.3333333333333333,128520.66666666667
WY,2023-07-03,0.0,0.0
WY,2023-10-03,0.0,0.0
WY,2023-12-03,0.0,0.0
WY,2024-01-03,0.0,0.0
WY,2024-02-03,0.0,0.0
WY,2024-03-03,0.0,0.0
WY,2024-04-03,0.0,0.0
WY,2024-07-03,0.0,0.0
WY,2024-09-03,0.0,0.0
WY,2024-10-03,0.0,0.0
WY,2025-09-03,0.0,0.0
WY,2026-01-03,0.0,0.0
WY,2026-03-03,0.0,0.0
